"Name","Sex","EloScore","EloRank","Species","Group","Subgroup","PredatorPrimates","Predator","Dangerous"
"Acinonyx_jubatus","F",1673.2,164,"Acinonyx_jubatus","Mammal","Felidae","Yes","Yes","Yes"
"Acinonyx_jubatus","M",1671,177,"Acinonyx_jubatus","Mammal","Felidae","Yes","Yes","Yes"
"Acinonyx_jubatus","Not mentioned",1607.9,178,"Acinonyx_jubatus","Mammal","Felidae","Yes","Yes","Yes"
"Acinonyx_jubatus2","F",1648.5,165,"Acinonyx_jubatus","Mammal","Felidae","Yes","Yes","Yes"
"Acinonyx_jubatus2","M",1647.5,179,"Acinonyx_jubatus","Mammal","Felidae","Yes","Yes","Yes"
"Acinonyx_jubatus2","Not mentioned",1693.8,168,"Acinonyx_jubatus","Mammal","Felidae","Yes","Yes","Yes"
"Acryllium_vulturinum","F",1567,162,"Acryllium_vulturinum","Bird","Bird(notRaptor)","No","No","No"
"Acryllium_vulturinum","M",1549.6,127,"Acryllium_vulturinum","Bird","Bird(notRaptor)","No","No","No"
"Acryllium_vulturinum","Not mentioned",1490.9,91,"Acryllium_vulturinum","Bird","Bird(notRaptor)","No","No","No"
"Aepyceros_melampus","F",1317.4,35,"Aepyceros_melampus","Mammal","Ungulate","No","No","No"
"Aepyceros_melampus","M",1349.6,48,"Aepyceros_melampus","Mammal","Ungulate","No","No","No"
"Aepyceros_melampus","Not mentioned",1389.3,59,"Aepyceros_melampus","Mammal","Ungulate","No","No","No"
"Aepyceros_melampus2","F",1228.8,11,"Aepyceros_melampus","Mammal","Ungulate","No","No","No"
"Aepyceros_melampus2","M",1317.5,43,"Aepyceros_melampus","Mammal","Ungulate","No","No","No"
"Aepyceros_melampus2","Not mentioned",1410.6,62,"Aepyceros_melampus","Mammal","Ungulate","No","No","No"
"Agalychnis_callidryas","F",1332.3,57,"Agalychnis_callidryas","Squamata","Amphibia","No","Yes","No"
"Agalychnis_callidryas","M",1420.3,96,"Agalychnis_callidryas","Squamata","Amphibia","No","Yes","No"
"Agalychnis_callidryas","Not mentioned",1514.4,113,"Agalychnis_callidryas","Squamata","Amphibia","No","Yes","No"
"Ailuropoda_melanoleuca","F",1343,45,"Ailuropoda_melanoleuca","Mammal","Ursus","No","No","No"
"Ailuropoda_melanoleuca","M",1345,62,"Ailuropoda_melanoleuca","Mammal","Ursus","No","No","No"
"Ailuropoda_melanoleuca","Not mentioned",1336.5,27,"Ailuropoda_melanoleuca","Mammal","Ursus","No","No","No"
"Ailurops_ursinus","F",1372.3,49,"Ailurops_ursinus","Mammal","Marsupial","No","No","No"
"Ailurops_ursinus","M",1428.2,78,"Ailurops_ursinus","Mammal","Marsupial","No","No","No"
"Ailurops_ursinus","Not mentioned",1348.7,41,"Ailurops_ursinus","Mammal","Marsupial","No","No","No"
"Ailurus_fulgens","F",1169.3,21,"Ailurus_fulgens","Mammal","Ursus","No","No","No"
"Ailurus_fulgens","M",1273.2,22,"Ailurus_fulgens","Mammal","Ursus","No","No","No"
"Ailurus_fulgens","Not mentioned",1292.2,21,"Ailurus_fulgens","Mammal","Ursus","No","No","No"
"Alligator_mississippiensis","F",1920.4,218,"Alligator_mississippiensis","Squamata","Crocodile","Yes","Yes","Yes"
"Alligator_mississippiensis","M",1933.4,220,"Alligator_mississippiensis","Squamata","Crocodile","Yes","Yes","Yes"
"Alligator_mississippiensis","Not mentioned",1812.9,218,"Alligator_mississippiensis","Squamata","Crocodile","Yes","Yes","Yes"
"Amblyrhynchus_cristatus","F",1712.4,161,"Amblyrhynchus_cristatus","Squamata","Lizard","No","No","No"
"Amblyrhynchus_cristatus","M",1595.5,154,"Amblyrhynchus_cristatus","Squamata","Lizard","No","No","No"
"Amblyrhynchus_cristatus","Not mentioned",1682.5,184,"Amblyrhynchus_cristatus","Squamata","Lizard","No","No","No"
"Aonyx_cinereus","F",1170.7,10,"Aonyx_cinereus","Mammal","Mustelidae","No","Yes","No"
"Aonyx_cinereus","M",1193.5,11,"Aonyx_cinereus","Mammal","Mustelidae","No","Yes","No"
"Aonyx_cinereus","Not mentioned",1290.4,26,"Aonyx_cinereus","Mammal","Mustelidae","No","Yes","No"
"Aonyx_cinereus2","F",1204.5,17,"Aonyx_cinereus","Mammal","Mustelidae","No","Yes","No"
"Aonyx_cinereus2","M",1236.2,19,"Aonyx_cinereus","Mammal","Mustelidae","No","Yes","No"
"Aonyx_cinereus2","Not mentioned",1275.3,25,"Aonyx_cinereus","Mammal","Mustelidae","No","Yes","No"
"Aquila_chrysaetos","F",1480.7,119,"Aquila_chrysaetos","Bird","Raptor","No","No","No"
"Aquila_chrysaetos","M",1461,85,"Aquila_chrysaetos","Bird","Raptor","No","No","No"
"Aquila_chrysaetos","Not mentioned",1419.3,78,"Aquila_chrysaetos","Bird","Raptor","No","No","No"
"Ara_ararauna","F",1221.9,22,"Ara_ararauna","Bird","Bird(notRaptor)","No","No","No"
"Ara_ararauna","M",1268.8,21,"Ara_ararauna","Bird","Bird(notRaptor)","No","No","No"
"Ara_ararauna","Not mentioned",1478.2,84,"Ara_ararauna","Bird","Bird(notRaptor)","No","No","No"
"Ara_chloropterus","F",1248,19,"Ara_chloropterus","Bird","Bird(notRaptor)","No","No","No"
"Ara_chloropterus","M",1247.9,14,"Ara_chloropterus","Bird","Bird(notRaptor)","No","No","No"
"Ara_chloropterus","Not mentioned",1198.4,11,"Ara_chloropterus","Bird","Bird(notRaptor)","No","No","No"
"Arctocephalus forsteri","F",1490.9,108,"Arctocephalus_forsteri","Mammal","Sealion","No","Yes","No"
"Arctocephalus forsteri","M",1513.4,141,"Arctocephalus_forsteri","Mammal","Sealion","No","Yes","No"
"Arctocephalus forsteri","Not mentioned",1564.5,133,"Arctocephalus_forsteri","Mammal","Sealion","No","Yes","No"
"Arctocephalus_forsteri2","F",1320.6,77,"Arctocephalus_forsteri","Mammal","Sealion","No","Yes","No"
"Arctocephalus_forsteri2","M",1386.8,77,"Arctocephalus_forsteri","Mammal","Sealion","No","Yes","No"
"Arctocephalus_forsteri2","Not mentioned",1400.8,74,"Arctocephalus_forsteri","Mammal","Sealion","No","Yes","No"
"Artibeus_planirostris","F",1520.8,130,"Artibeus_planirostris","Mammal","Chiroptera","No","No","No"
"Artibeus_planirostris","M",1478.5,142,"Artibeus_planirostris","Mammal","Chiroptera","No","No","No"
"Artibeus_planirostris","Not mentioned",1494.3,118,"Artibeus_planirostris","Mammal","Chiroptera","No","No","No"
"Asio_flammeus","F",1248.1,13,"Asio_flammeus","Bird","Raptor","No","Yes","No"
"Asio_flammeus","M",1217.9,16,"Asio_flammeus","Bird","Raptor","No","Yes","No"
"Asio_flammeus","Not mentioned",1132.7,2,"Asio_flammeus","Bird","Raptor","No","Yes","No"
"Ateles_hybridus","F",1558.5,99,"Ateles_hybridus","Mammal","Primate","No","No","No"
"Ateles_hybridus","M",1517.9,137,"Ateles_hybridus","Mammal","Primate","No","No","No"
"Ateles_hybridus","Not mentioned",1647.8,172,"Ateles_hybridus","Mammal","Primate","No","No","No"
"Ateles_paniscus","F",1385.6,54,"Ateles_paniscus","Mammal","Primate","No","No","No"
"Ateles_paniscus","M",1297.4,33,"Ateles_paniscus","Mammal","Primate","No","No","No"
"Ateles_paniscus","Not mentioned",1304.1,23,"Ateles_paniscus","Mammal","Primate","No","No","No"
"Athene_noctua","F",1258.9,39,"Athene_noctua","Bird","Bird(notRaptor)","No","Yes","No"
"Athene_noctua","M",1305.6,31,"Athene_noctua","Bird","Bird(notRaptor)","No","Yes","No"
"Athene_noctua","Not mentioned",1201.7,7,"Athene_noctua","Bird","Bird(notRaptor)","No","Yes","No"
"Athene_noctua2","F",1333.4,34,"Athene_noctua","Bird","Bird(notRaptor)","No","Yes","No"
"Athene_noctua2","M",1243.8,26,"Athene_noctua","Bird","Bird(notRaptor)","No","Yes","No"
"Athene_noctua2","Not mentioned",1344.9,44,"Athene_noctua","Bird","Bird(notRaptor)","No","Yes","No"
"Athene_noctua3","F",1340.8,50,"Athene_noctua","Bird","Bird(notRaptor)","No","Yes","No"
"Athene_noctua3","M",1338.6,39,"Athene_noctua","Bird","Bird(notRaptor)","No","Yes","No"
"Athene_noctua3","Not mentioned",1163.8,6,"Athene_noctua","Bird","Bird(notRaptor)","No","Yes","No"
"Balaeniceps_rex","F",1519.5,113,"Balaeniceps_rex","Bird","Bird(notRaptor)","No","No","No"
"Balaeniceps_rex","M",1539.8,163,"Balaeniceps_rex","Bird","Bird(notRaptor)","No","No","No"
"Balaeniceps_rex","Not mentioned",1668.8,181,"Balaeniceps_rex","Bird","Bird(notRaptor)","No","No","No"
"Bison_bonasus","F",1796,195,"Bison_bonasus","Mammal","Ungulate","No","No","No"
"Bison_bonasus","M",1728.6,199,"Bison_bonasus","Mammal","Ungulate","No","No","No"
"Bison_bonasus","Not mentioned",1763,193,"Bison_bonasus","Mammal","Ungulate","No","No","No"
"Bison_bonasus2","F",1746.6,202,"Bison_bonasus","Mammal","Ungulate","No","No","No"
"Bison_bonasus2","M",1744.5,190,"Bison_bonasus","Mammal","Ungulate","No","No","No"
"Bison_bonasus2","Not mentioned",1590.7,156,"Bison_bonasus","Mammal","Ungulate","No","No","No"
"Boa_constrictor","F",1831.5,208,"Boa_constrictor","Squamata","Snake","Yes","Yes","No"
"Boa_constrictor","M",1804.6,209,"Boa_constrictor","Squamata","Snake","Yes","Yes","No"
"Boa_constrictor","Not mentioned",1580.9,170,"Boa_constrictor","Squamata","Snake","Yes","Yes","No"
"Bubo_bubo","F",1256,51,"Bubo_bubo","Bird","Raptor","No","Yes","No"
"Bubo_bubo","M",1288.2,51,"Bubo_bubo","Bird","Raptor","No","Yes","No"
"Bubo_bubo","Not mentioned",1373.6,43,"Bubo_bubo","Bird","Raptor","No","Yes","No"
"Bubo_bubo2","F",1384.3,71,"Bubo_bubo","Bird","Raptor","No","Yes","No"
"Bubo_bubo2","M",1356.5,53,"Bubo_bubo","Bird","Raptor","No","Yes","No"
"Bubo_bubo2","Not mentioned",1256.2,18,"Bubo_bubo","Bird","Raptor","No","Yes","No"
"Bubo_scandiacus","F",1213.3,29,"Bubo_scandiacus","Bird","Raptor","No","No","No"
"Bubo_scandiacus","M",1282.2,42,"Bubo_scandiacus","Bird","Raptor","No","No","No"
"Bubo_scandiacus","Not mentioned",1371,46,"Bubo_scandiacus","Bird","Raptor","No","No","No"
"Bufonidae","F",1485.3,102,"Bufonidae","Squamata","Amphibia","No","Yes","No"
"Bufonidae","M",1485.2,125,"Bufonidae","Squamata","Amphibia","No","Yes","No"
"Bufonidae","Not mentioned",1723,207,"Bufonidae","Squamata","Amphibia","No","Yes","No"
"Buprestidae","F",1654.2,172,"Buprestidae","Insect","Coleoptera","No","No","No"
"Buprestidae","M",1582.7,151,"Buprestidae","Insect","Coleoptera","No","No","No"
"Buprestidae","Not mentioned",1690.1,188,"Buprestidae","Insect","Coleoptera","No","No","No"
"Buteo_galapagoensis","F",1586.8,129,"Buteo_galapagoensis","Bird","Raptor","No","Yes","No"
"Buteo_galapagoensis","M",1496.1,112,"Buteo_galapagoensis","Bird","Raptor","No","Yes","No"
"Buteo_galapagoensis","Not mentioned",1344.2,64,"Buteo_galapagoensis","Bird","Raptor","No","Yes","No"
"Cairina_moschata","F",1516.6,148,"Cairina_moschata","Bird","Bird(notRaptor)","No","Yes","No"
"Cairina_moschata","M",1485.2,144,"Cairina_moschata","Bird","Bird(notRaptor)","No","Yes","No"
"Cairina_moschata","Not mentioned",1510.2,104,"Cairina_moschata","Bird","Bird(notRaptor)","No","Yes","No"
"Calliphora_vomitoria","F",1501.1,132,"Calliphora_vomitoria","Insect","Diptera","No","No","No"
"Calliphora_vomitoria","M",1561.2,118,"Calliphora_vomitoria","Insect","Diptera","No","No","No"
"Calliphora_vomitoria","Not mentioned",1556.2,151,"Calliphora_vomitoria","Insect","Diptera","No","No","No"
"Callithrix_argentata","F",1354.3,63,"Callithrix_argentata","Mammal","Primate","No","No","No"
"Callithrix_argentata","M",1368.5,60,"Callithrix_argentata","Mammal","Primate","No","No","No"
"Callithrix_argentata","Not mentioned",1531.2,130,"Callithrix_argentata","Mammal","Primate","No","No","No"
"Callithrix_penicillata","F",1365,75,"Callithrix_penicillata","Mammal","Primate","No","No","No"
"Callithrix_penicillata","M",1329.9,69,"Callithrix_penicillata","Mammal","Primate","No","No","No"
"Callithrix_penicillata","Not mentioned",1341.3,50,"Callithrix_penicillata","Mammal","Primate","No","No","No"
"Calloselasma rhodostoma","F",1899.6,217,"Calloselasma_rhodostoma","Squamata","Snake","No","Yes","Yes"
"Calloselasma rhodostoma","M",1897.9,218,"Calloselasma_rhodostoma","Squamata","Snake","No","Yes","Yes"
"Calloselasma rhodostoma","Not mentioned",1743.8,204,"Calloselasma_rhodostoma","Squamata","Snake","No","Yes","Yes"
"Canis_lupus","F",1534.3,139,"Canis_lupus_","Mammal","Canidae","Yes","Yes","Yes"
"Canis_lupus","M",1620.4,149,"Canis_lupus_","Mammal","Canidae","Yes","Yes","Yes"
"Canis_lupus","Not mentioned",1518.9,124,"Canis_lupus_","Mammal","Canidae","Yes","Yes","Yes"
"Canis_lupus_familiaris","F",1489.8,106,"Canis_lupus_familiaris","Mammal","Canidae","No","Yes","Yes"
"Canis_lupus_familiaris","M",1616.8,161,"Canis_lupus_familiaris","Mammal","Canidae","No","Yes","Yes"
"Canis_lupus_familiaris","Not mentioned",1570.4,146,"Canis_lupus_familiaris","Mammal","Canidae","No","Yes","Yes"
"Canis_lupus_familiaris2","F",1311,26,"Canis_lupus_familiaris","Mammal","Canidae","No","Yes","Yes"
"Canis_lupus_familiaris2","M",1339.2,40,"Canis_lupus_familiaris","Mammal","Canidae","No","Yes","Yes"
"Canis_lupus_familiaris2","Not mentioned",1399.8,37,"Canis_lupus_familiaris","Mammal","Canidae","No","Yes","Yes"
"Carlito_syrichta","F",1357.1,66,"Carlito_syrichta","Mammal","Primate","No","Yes","No"
"Carlito_syrichta","M",1331.7,59,"Carlito_syrichta","Mammal","Primate","No","Yes","No"
"Carlito_syrichta","Not mentioned",1479.9,110,"Carlito_syrichta","Mammal","Primate","No","Yes","No"
"Centurio_senex","F",1716.3,192,"Centurio_senex","Mammal","Chiroptera","No","No","No"
"Centurio_senex","M",1689.1,167,"Centurio_senex","Mammal","Chiroptera","No","No","No"
"Centurio_senex","Not mentioned",1558.9,119,"Centurio_senex","Mammal","Chiroptera","No","No","No"
"Cerdocyon_thous","F",1344.2,70,"Cerdocyon_thous","Mammal","Canidae","Yes","Yes","No"
"Cerdocyon_thous","M",1390.6,71,"Cerdocyon_thous","Mammal","Canidae","Yes","Yes","No"
"Cerdocyon_thous","Not mentioned",1392.6,40,"Cerdocyon_thous","Mammal","Canidae","Yes","Yes","No"
"Chelonoidis_porteri","F",1265.4,44,"Chelonoidis_porteri","Squamata","Tortoise","No","No","No"
"Chelonoidis_porteri","M",1263.5,34,"Chelonoidis_porteri","Squamata","Tortoise","No","No","No"
"Chelonoidis_porteri","Not mentioned",1342.2,45,"Chelonoidis_porteri","Squamata","Tortoise","No","No","No"
"Choloepus_didactylus","F",1307.2,31,"Choloepus_didactylus","Mammal","Xenarthra","No","No","No"
"Choloepus_didactylus","M",1312.9,17,"Choloepus_didactylus","Mammal","Xenarthra","No","No","No"
"Choloepus_didactylus","Not mentioned",1331.2,30,"Choloepus_didactylus","Mammal","Xenarthra","No","No","No"
"Choloepus_didactylus2","F",1207.7,38,"Choloepus_didactylus","Mammal","Xenarthra","No","No","No"
"Choloepus_didactylus2","M",1263,23,"Choloepus_didactylus","Mammal","Xenarthra","No","No","No"
"Choloepus_didactylus2","Not mentioned",1211.8,17,"Choloepus_didactylus","Mammal","Xenarthra","No","No","No"
"Choloepus_didactylus3","F",1186.8,25,"Choloepus_didactylus","Mammal","Xenarthra","No","No","No"
"Choloepus_didactylus3","M",1276.8,13,"Choloepus_didactylus","Mammal","Xenarthra","No","No","No"
"Choloepus_didactylus3","Not mentioned",1350.7,68,"Choloepus_didactylus","Mammal","Xenarthra","No","No","No"
"Chroicocephalus_scopulinus","F",1386.5,65,"Chroicocephalus_scopulinus","Bird","Bird(notRaptor)","No","Yes","No"
"Chroicocephalus_scopulinus","M",1360.1,55,"Chroicocephalus_scopulinus","Bird","Bird(notRaptor)","No","Yes","No"
"Chroicocephalus_scopulinus","Not mentioned",1402.6,83,"Chroicocephalus_scopulinus","Bird","Bird(notRaptor)","No","Yes","No"
"Columba_livia","F",1243,36,"Columba_livia","Bird","Bird(notRaptor)","No","No","No"
"Columba_livia","M",1292,18,"Columba_livia","Bird","Bird(notRaptor)","No","No","No"
"Columba_livia","Not mentioned",1326.3,52,"Columba_livia","Bird","Bird(notRaptor)","No","No","No"
"Conolophus_pallidus","F",1692.4,186,"Conolophus_pallidus","Squamata","Lizard","No","No","No"
"Conolophus_pallidus","M",1605.7,160,"Conolophus_pallidus","Squamata","Lizard","No","No","No"
"Conolophus_pallidus","Not mentioned",1670.3,163,"Conolophus_pallidus","Squamata","Lizard","No","No","No"
"Corvus","F",1490.8,88,"Corvus","Bird","Bird(notRaptor)","No","No","No"
"Corvus","M",1455.7,107,"Corvus","Bird","Bird(notRaptor)","No","No","No"
"Corvus","Not mentioned",1388.7,54,"Corvus","Bird","Bird(notRaptor)","No","No","No"
"Corvus2","F",1372.2,42,"Corvus","Bird","Bird(notRaptor)","No","No","No"
"Corvus2","M",1382.8,79,"Corvus","Bird","Bird(notRaptor)","No","No","No"
"Corvus2","Not mentioned",1333.7,29,"Corvus","Bird","Bird(notRaptor)","No","No","No"
"Crocodylus_porosus","F",2049.3,220,"Crocodylus_porosus","Squamata","Crocodile","Yes","Yes","Yes"
"Crocodylus_porosus","M",1963.3,221,"Crocodylus_porosus","Squamata","Crocodile","Yes","Yes","Yes"
"Crocodylus_porosus","Not mentioned",1744.6,198,"Crocodylus_porosus","Squamata","Crocodile","Yes","Yes","Yes"
"Crocuta_crocuta","F",1749.1,183,"Crocuta_crocuta","Mammal","Hyenidae","Yes","No","Yes"
"Crocuta_crocuta","M",1783.9,195,"Crocuta_crocuta","Mammal","Hyenidae","Yes","No","Yes"
"Crocuta_crocuta","Not mentioned",1728.1,194,"Crocuta_crocuta","Mammal","Hyenidae","Yes","No","Yes"
"Crotalus_atrox","F",1813.6,204,"Crotalus_atrox","Squamata","Snake","No","Yes","Yes"
"Crotalus_atrox","M",1865.4,212,"Crotalus_atrox","Squamata","Snake","No","Yes","Yes"
"Crotalus_atrox","Not mentioned",1733.5,201,"Crotalus_atrox","Squamata","Snake","No","Yes","Yes"
"Crotalus2","F",1939,221,"Crotalus_atrox","Squamata","Snake","No","Yes","Yes"
"Crotalus2","M",1872.4,214,"Crotalus_atrox","Squamata","Snake","No","Yes","Yes"
"Crotalus2","Not mentioned",1680.3,185,"Crotalus_atrox","Squamata","Snake","No","Yes","Yes"
"Cryptoprocto _ferox","F",1519.8,133,"Cryptoprocto_ferox","Mammal","Felidae","Yes","No","No"
"Cryptoprocto _ferox","M",1574.3,139,"Cryptoprocto_ferox","Mammal","Felidae","Yes","No","No"
"Cryptoprocto _ferox","Not mentioned",1496.6,126,"Cryptoprocto_ferox","Mammal","Felidae","Yes","No","No"
"Cynictis_penicillata","F",1445.9,68,"Cynictis_penicillata","Mammal","Mongoose","No","Yes","No"
"Cynictis_penicillata","M",1437,106,"Cynictis_penicillata","Mammal","Mongoose","No","Yes","No"
"Cynictis_penicillata","Not mentioned",1495.1,128,"Cynictis_penicillata","Mammal","Mongoose","No","Yes","No"
"Dasypus_novemcinctus","F",1329,61,"Dasypus_novemcinctus","Mammal","Xenarthra","No","No","No"
"Dasypus_novemcinctus","M",1354.3,54,"Dasypus_novemcinctus","Mammal","Xenarthra","No","No","No"
"Dasypus_novemcinctus","Not mentioned",1263.1,14,"Dasypus_novemcinctus","Mammal","Xenarthra","No","No","No"
"Daubentonia_madagascariensis","F",1551.7,151,"Daubentonia_madagascariensis","Mammal","Primate","No","No","No"
"Daubentonia_madagascariensis","M",1567.3,135,"Daubentonia_madagascariensis","Mammal","Primate","No","No","No"
"Daubentonia_madagascariensis","Not mentioned",1493.6,109,"Daubentonia_madagascariensis","Mammal","Primate","No","No","No"
"Dendroaspis_angusticeps","F",1779,200,"Dendroaspis_angusticeps","Squamata","Snake","No","Yes","Yes"
"Dendroaspis_angusticeps","M",1782,215,"Dendroaspis_angusticeps","Squamata","Snake","No","Yes","Yes"
"Dendroaspis_angusticeps","Not mentioned",1776.9,203,"Dendroaspis_angusticeps","Squamata","Snake","No","Yes","Yes"
"Desmodus_rotondus","F",1575.9,158,"Desmodus_rotundus","Mammal","Chiroptera","No","Yes","No"
"Desmodus_rotondus","M",1574.7,121,"Desmodus_rotundus","Mammal","Chiroptera","No","Yes","No"
"Desmodus_rotondus","Not mentioned",1462.4,106,"Desmodus_rotundus","Mammal","Chiroptera","No","Yes","No"
"Didelphis_virginiana","F",1412.8,85,"Didelphis_virginiana","Mammal","Marsupial","No","No","No"
"Didelphis_virginiana","M",1437.3,98,"Didelphis_virginiana","Mammal","Marsupial","No","No","No"
"Didelphis_virginiana","Not mentioned",1611.3,152,"Didelphis_virginiana","Mammal","Marsupial","No","No","No"
"Equus_caballus","F",1203.3,12,"Equus_caballus","Mammal","Ungulate","No","No","No"
"Equus_caballus","M",1228,36,"Equus_caballus","Mammal","Ungulate","No","No","No"
"Equus_caballus","Not mentioned",1353.2,56,"Equus_caballus","Mammal","Ungulate","No","No","No"
"Eudyptes chrysolophus","F",1210.8,16,"Eudyptes_chrysolophus","Bird","Bird(notRaptor)","No","Yes","No"
"Eudyptes chrysolophus","M",1265.7,24,"Eudyptes_chrysolophus","Bird","Bird(notRaptor)","No","Yes","No"
"Eudyptes chrysolophus","Not mentioned",1285.5,24,"Eudyptes_chrysolophus","Bird","Bird(notRaptor)","No","Yes","No"
"Eudyptes_chrysocome","F",1334.5,48,"Eudyptes_chrysocome","Bird","Bird(notRaptor)","No","Yes","No"
"Eudyptes_chrysocome","M",1244.2,52,"Eudyptes_chrysocome","Bird","Bird(notRaptor)","No","Yes","No"
"Eudyptes_chrysocome","Not mentioned",1559,121,"Eudyptes_chrysocome","Bird","Bird(notRaptor)","No","Yes","No"
"Eulemur _coronatus","F",1346.6,86,"Eulemur_coronatus","Mammal","Primate","No","No","No"
"Eulemur _coronatus","M",1345.3,49,"Eulemur_coronatus","Mammal","Primate","No","No","No"
"Eulemur _coronatus","Not mentioned",1512.1,87,"Eulemur_coronatus","Mammal","Primate","No","No","No"
"Eulemur _coronatus2","F",1292,58,"Eulemur_coronatus","Mammal","Primate","No","No","No"
"Eulemur _coronatus2","M",1306,67,"Eulemur_coronatus","Mammal","Primate","No","No","No"
"Eulemur _coronatus2","Not mentioned",1312.9,51,"Eulemur_coronatus","Mammal","Primate","No","No","No"
"Euphractus _sexcinctus","F",1437.3,67,"Euphractus_sexcinctus","Mammal","Xenarthra","No","No","No"
"Euphractus _sexcinctus","M",1421.9,58,"Euphractus_sexcinctus","Mammal","Xenarthra","No","No","No"
"Euphractus _sexcinctus","Not mentioned",1475.9,72,"Euphractus_sexcinctus","Mammal","Xenarthra","No","No","No"
"Evarcha_arcuata","F",1772.2,209,"Evarcha_arcuata","Spider","Spider","No","Yes","No"
"Evarcha_arcuata","M",1635.8,165,"Evarcha_arcuata","Spider","Spider","No","Yes","No"
"Evarcha_arcuata","Not mentioned",1504.2,98,"Evarcha_arcuata","Spider","Spider","No","Yes","No"
"Felis_catus","F",1343.3,90,"Felis_catus","Mammal","Felidae","No","Yes","No"
"Felis_catus","M",1511.1,66,"Felis_catus","Mammal","Felidae","No","Yes","No"
"Felis_catus","Not mentioned",1339.6,42,"Felis_catus","Mammal","Felidae","No","Yes","No"
"Felis_silvestris","F",1114.4,8,"Felis_silvestris_","Mammal","Felidae","No","No","No"
"Felis_silvestris","M",1257.7,10,"Felis_silvestris_","Mammal","Felidae","No","No","No"
"Felis_silvestris","Not mentioned",1077.2,1,"Felis_silvestris_","Mammal","Felidae","No","No","No"
"Geronticus_eremita","F",1560.7,135,"Geronticus_eremita","Bird","Bird(notRaptor)","No","Yes","No"
"Geronticus_eremita","M",1500.5,132,"Geronticus_eremita","Bird","Bird(notRaptor)","No","Yes","No"
"Geronticus_eremita","Not mentioned",1692.9,192,"Geronticus_eremita","Bird","Bird(notRaptor)","No","Yes","No"
"Giraffa_camelopardalis_reticulata","F",1126.7,7,"Giraffa_camelopardalis_reticulata","Mammal","Ungulate","No","No","No"
"Giraffa_camelopardalis_reticulata","M",1267.6,41,"Giraffa_camelopardalis_reticulata","Mammal","Ungulate","No","No","No"
"Giraffa_camelopardalis_reticulata","Not mentioned",1381.1,55,"Giraffa_camelopardalis_reticulata","Mammal","Ungulate","No","No","No"
"Gorilla_Gorilla_Beringei","F",1586,176,"Gorilla_Gorilla_Beringei","Mammal","Primate","No","No","Yes"
"Gorilla_Gorilla_Beringei","M",1599.7,173,"Gorilla_Gorilla_Beringei","Mammal","Primate","No","No","Yes"
"Gorilla_Gorilla_Beringei","Not mentioned",1618.7,161,"Gorilla_Gorilla_Beringei","Mammal","Primate","No","No","Yes"
"Gorilla_gorilla_gorilla","F",1663.4,160,"Gorilla_Gorilla_Gorilla","Mammal","Primate","No","No","Yes"
"Gorilla_gorilla_gorilla","M",1712.5,175,"Gorilla_Gorilla_Gorilla","Mammal","Primate","No","No","Yes"
"Gorilla_gorilla_gorilla","Not mentioned",1486.7,99,"Gorilla_Gorilla_Gorilla","Mammal","Primate","No","No","Yes"
"Gulo_gulo","F",1489.4,136,"Gulo_gulo","Mammal","Mustelidae","No","Yes","No"
"Gulo_gulo","M",1560.4,147,"Gulo_gulo","Mammal","Mustelidae","No","Yes","No"
"Gulo_gulo","Not mentioned",1574.1,145,"Gulo_gulo","Mammal","Mustelidae","No","Yes","No"
"Gulo_gulo2","F",1555.8,120,"Gulo_gulo","Mammal","Mustelidae","No","Yes","No"
"Gulo_gulo2","M",1648.7,171,"Gulo_gulo","Mammal","Mustelidae","No","Yes","No"
"Gulo_gulo2","Not mentioned",1456.3,89,"Gulo_gulo","Mammal","Mustelidae","No","Yes","No"
"Gymnogyps_californianus","F",1705.5,157,"Gymnogyps_californianus","Bird","Raptor","No","No","No"
"Gymnogyps_californianus","M",1654.9,150,"Gymnogyps_californianus","Bird","Raptor","No","No","No"
"Gymnogyps_californianus","Not mentioned",1543.5,135,"Gymnogyps_californianus","Bird","Raptor","No","No","No"
"Gypaetus_barbatus","F",1499.3,116,"Gypaetus_barbatus","Bird","Raptor","No","Yes","No"
"Gypaetus_barbatus","M",1488.4,72,"Gypaetus_barbatus","Bird","Raptor","No","Yes","No"
"Gypaetus_barbatus","Not mentioned",1413.2,63,"Gypaetus_barbatus","Bird","Raptor","No","Yes","No"
"Gypaetus_barbatus2","F",1525.1,123,"Gypaetus_barbatus","Bird","Raptor","No","Yes","No"
"Gypaetus_barbatus2","M",1472.8,74,"Gypaetus_barbatus","Bird","Raptor","No","Yes","No"
"Gypaetus_barbatus2","Not mentioned",1644.5,176,"Gypaetus_barbatus","Bird","Raptor","No","Yes","No"
"Gyps_rueppelli","F",1550.8,137,"Gyps_rueppelli","Bird","Raptor","No","No","No"
"Gyps_rueppelli","M",1574.2,128,"Gyps_rueppelli","Bird","Raptor","No","No","No"
"Gyps_rueppelli","Not mentioned",1574.8,141,"Gyps_rueppelli","Bird","Raptor","No","No","No"
"Haematopus_ater","F",1291.4,30,"Haematopus_ater","Bird","Bird(notRaptor)","No","Yes","No"
"Haematopus_ater","M",1235.1,20,"Haematopus_ater","Bird","Bird(notRaptor)","No","Yes","No"
"Haematopus_ater","Not mentioned",1424.4,80,"Haematopus_ater","Bird","Bird(notRaptor)","No","Yes","No"
"Harpia_Harpyja","F",1426.5,73,"Harpia_Harpyja","Bird","Raptor","Yes","No","No"
"Harpia_Harpyja","M",1432.2,108,"Harpia_Harpyja","Bird","Raptor","Yes","No","No"
"Harpia_Harpyja","Not mentioned",1329.5,38,"Harpia_Harpyja","Bird","Raptor","Yes","No","No"
"Helarctos_malayanus","F",1717.4,193,"Helarctos_malayanus","Mammal","Ursus","No","No","No"
"Helarctos_malayanus","M",1680.6,164,"Helarctos_malayanus","Mammal","Ursus","No","No","No"
"Helarctos_malayanus","Not mentioned",1674.7,183,"Helarctos_malayanus","Mammal","Ursus","No","No","No"
"Hemicentetes_semispinosus","F",1543.2,111,"Hemicentetes_semispinosus","Mammal","Tenrecidae","No","No","No"
"Hemicentetes_semispinosus","M",1464,92,"Hemicentetes_semispinosus","Mammal","Tenrecidae","No","No","No"
"Hemicentetes_semispinosus","Not mentioned",1468.6,101,"Hemicentetes_semispinosus","Mammal","Tenrecidae","No","No","No"
"Heterocephalus_glaber","F",1694.7,168,"Heterocephalus_glaber","Mammal","Rodent","No","No","No"
"Heterocephalus_glaber","M",1641.9,155,"Heterocephalus_glaber","Mammal","Rodent","No","No","No"
"Heterocephalus_glaber","Not mentioned",1576,143,"Heterocephalus_glaber","Mammal","Rodent","No","No","No"
"Hippopotamus_amphibius","F",1756.2,170,"Hippopotamus_amphibius","Mammal","Ungulate","No","No","Yes"
"Hippopotamus_amphibius","M",1809.3,184,"Hippopotamus_amphibius","Mammal","Ungulate","No","No","Yes"
"Hippopotamus_amphibius","Not mentioned",1634,159,"Hippopotamus_amphibius","Mammal","Ungulate","No","No","Yes"
"Hyaena_hyaena","F",1704.8,173,"Hyaena_hyaena","Mammal","Hyenidae","Yes","No","Yes"
"Hyaena_hyaena","M",1747.3,185,"Hyaena_hyaena","Mammal","Hyenidae","Yes","No","Yes"
"Hyaena_hyaena","Not mentioned",1620.2,158,"Hyaena_hyaena","Mammal","Hyenidae","Yes","No","Yes"
"Hyles_euphorbiae","F",1570.7,131,"Hyles_euphorbiae","Insect","Lepidoptera","No","No","No"
"Hyles_euphorbiae","M",1493.3,86,"Hyles_euphorbiae","Insect","Lepidoptera","No","No","No"
"Hyles_euphorbiae","Not mentioned",1377.8,67,"Hyles_euphorbiae","Insect","Lepidoptera","No","No","No"
"Hylobates_agilis","F",1324.5,82,"Hylobates_agilis","Mammal","Primate","No","No","No"
"Hylobates_agilis","M",1253.7,45,"Hylobates_agilis","Mammal","Primate","No","No","No"
"Hylobates_agilis","Not mentioned",1382.1,60,"Hylobates_agilis","Mammal","Primate","No","No","No"
"Hypsignathus_monstrosus","F",1558.7,147,"Hypsignathus_monstrosu","Mammal","Chiroptera","No","No","No"
"Hypsignathus_monstrosus","M",1614.9,157,"Hypsignathus_monstrosu","Mammal","Chiroptera","No","No","No"
"Hypsignathus_monstrosus","Not mentioned",1554.5,140,"Hypsignathus_monstrosu","Mammal","Chiroptera","No","No","No"
"Iguana_iguana","F",1668.3,143,"Iguana_iguana","Squamata","Lizard","No","No","No"
"Iguana_iguana","M",1559.8,156,"Iguana_iguana","Squamata","Lizard","No","No","No"
"Iguana_iguana","Not mentioned",1423.2,69,"Iguana_iguana","Squamata","Lizard","No","No","No"
"Iguana_iguana2","F",1529.7,140,"Iguana_iguana","Squamata","Lizard","No","No","No"
"Iguana_iguana2","M",1570.4,136,"Iguana_iguana","Squamata","Lizard","No","No","No"
"Iguana_iguana2","Not mentioned",1470.5,105,"Iguana_iguana","Squamata","Lizard","No","No","No"
"Incilius_alvarius","F",1440.2,107,"Incilius_alvarius","Squamata","Amphibia","No","Yes","No"
"Incilius_alvarius","M",1447.6,73,"Incilius_alvarius","Squamata","Amphibia","No","Yes","No"
"Incilius_alvarius","Not mentioned",1337.9,47,"Incilius_alvarius","Squamata","Amphibia","No","Yes","No"
"Incilius_alvarius2","F",1487.9,84,"Incilius_alvarius","Squamata","Amphibia","No","Yes","No"
"Incilius_alvarius2","M",1466.1,101,"Incilius_alvarius","Squamata","Amphibia","No","Yes","No"
"Incilius_alvarius2","Not mentioned",1512.1,132,"Incilius_alvarius","Squamata","Amphibia","No","Yes","No"
"Intellagama_lesueurii","F",1559.8,154,"Intellagama_lesueurii","Squamata","Lizard","No","Yes","No"
"Intellagama_lesueurii","M",1505.5,117,"Intellagama_lesueurii","Squamata","Lizard","No","Yes","No"
"Intellagama_lesueurii","Not mentioned",1558.2,148,"Intellagama_lesueurii","Squamata","Lizard","No","Yes","No"
"Laticauda_laticaudata","F",1845.5,205,"Laticauda_laticaudata","Squamata","Snake","No","Yes","No"
"Laticauda_laticaudata","M",1776.9,202,"Laticauda_laticaudata","Squamata","Snake","No","Yes","No"
"Laticauda_laticaudata","Not mentioned",1680,187,"Laticauda_laticaudata","Squamata","Snake","No","Yes","No"
"Laticauda_saintgironsi","F",1850.2,211,"Laticauda_saintgironsi","Squamata","Snake","No","Yes","No"
"Laticauda_saintgironsi","M",1778.9,211,"Laticauda_saintgironsi","Squamata","Snake","No","Yes","No"
"Laticauda_saintgironsi","Not mentioned",1621.2,157,"Laticauda_saintgironsi","Squamata","Snake","No","Yes","No"
"Lemur_catta","F",1284.8,23,"Lemur_catta","Mammal","Primate","No","Yes","No"
"Lemur_catta","M",1271.4,27,"Lemur_catta","Mammal","Primate","No","Yes","No"
"Lemur_catta","Not mentioned",1312.8,34,"Lemur_catta","Mammal","Primate","No","Yes","No"
"Lemur_catta2","F",1352.4,32,"Lemur_catta","Mammal","Primate","No","Yes","No"
"Lemur_catta2","M",1291.4,29,"Lemur_catta","Mammal","Primate","No","Yes","No"
"Lemur_catta2","Not mentioned",1473.2,112,"Lemur_catta","Mammal","Primate","No","Yes","No"
"Leopardus_wiedii","F",1418.3,87,"Leopardus_wiedii","Mammal","Felidae","No","No","No"
"Leopardus_wiedii","M",1448.2,68,"Leopardus_wiedii","Mammal","Felidae","No","No","No"
"Leopardus_wiedii","Not mentioned",1575.7,134,"Leopardus_wiedii","Mammal","Felidae","No","No","No"
"Leptailurus_serval","F",1396.3,81,"Leptailurus_serval","Mammal","Felidae","No","Yes","No"
"Leptailurus_serval","M",1429,88,"Leptailurus_serval","Mammal","Felidae","No","Yes","No"
"Leptailurus_serval","Not mentioned",1408.6,61,"Leptailurus_serval","Mammal","Felidae","No","Yes","No"
"Leptoptilos_crumenifer","F",1568.3,144,"Leptoptilos_crumenifer","Bird","Bird(notRaptor)","No","No","No"
"Leptoptilos_crumenifer","M",1514.7,109,"Leptoptilos_crumenifer","Bird","Bird(notRaptor)","No","No","No"
"Leptoptilos_crumenifer","Not mentioned",1480.5,93,"Leptoptilos_crumenifer","Bird","Bird(notRaptor)","No","No","No"
"Libellula_quadrimaculata","F",1545,142,"Libellula_quadrimaculata","Insect","Odonata","No","Yes","No"
"Libellula_quadrimaculata","M",1493.6,94,"Libellula_quadrimaculata","Insect","Odonata","No","Yes","No"
"Libellula_quadrimaculata","Not mentioned",1605.1,142,"Libellula_quadrimaculata","Insect","Odonata","No","Yes","No"
"Litoria_infrafrenata","F",1262.5,24,"Litoria_infrafrenata","Squamata","Amphibia","No","Yes","No"
"Litoria_infrafrenata","M",1352.3,38,"Litoria_infrafrenata","Squamata","Amphibia","No","Yes","No"
"Litoria_infrafrenata","Not mentioned",1450.5,71,"Litoria_infrafrenata","Squamata","Amphibia","No","Yes","No"
"Loris_tardigradus","F",1207,20,"Loris_tardigradus","Mammal","Primate","No","No","No"
"Loris_tardigradus","M",1154.6,8,"Loris_tardigradus","Mammal","Primate","No","No","No"
"Loris_tardigradus","Not mentioned",1276,15,"Loris_tardigradus","Mammal","Primate","No","No","No"
"Loxodonta_africana","F",1496.1,112,"Loxodonta_africana","Mammal","Ungulate","No","No","Yes"
"Loxodonta_africana","M",1602.1,146,"Loxodonta_africana","Mammal","Ungulate","No","No","Yes"
"Loxodonta_africana","Not mentioned",1527.4,131,"Loxodonta_africana","Mammal","Ungulate","No","No","Yes"
"Lycaon_pictus","F",1635.8,177,"Lycaon_pictus","Mammal","Canidae","Yes","Yes","Yes"
"Lycaon_pictus","M",1678.2,180,"Lycaon_pictus","Mammal","Canidae","Yes","Yes","Yes"
"Lycaon_pictus","Not mentioned",1665.3,177,"Lycaon_pictus","Mammal","Canidae","Yes","Yes","Yes"
"Lycaon_pictus2","F",1654.8,153,"Lycaon_pictus","Mammal","Canidae","Yes","Yes","Yes"
"Lycaon_pictus2","M",1710,176,"Lycaon_pictus","Mammal","Canidae","Yes","Yes","Yes"
"Lycaon_pictus2","Not mentioned",1702.8,190,"Lycaon_pictus","Mammal","Canidae","Yes","Yes","Yes"
"Lynx_rufus","F",1532.1,159,"Lynx_rufus","Mammal","Felidae","No","Yes","No"
"Lynx_rufus","M",1638.5,159,"Lynx_rufus","Mammal","Felidae","No","Yes","No"
"Lynx_rufus","Not mentioned",1720.5,206,"Lynx_rufus","Mammal","Felidae","No","Yes","No"
"Lynx_rufus2","F",1552.3,146,"Lynx_rufus","Mammal","Felidae","No","Yes","No"
"Lynx_rufus2","M",1613,140,"Lynx_rufus","Mammal","Felidae","No","Yes","No"
"Lynx_rufus2","Not mentioned",1579.4,144,"Lynx_rufus","Mammal","Felidae","No","Yes","No"
"Macaca_fuscata","F",1496.3,128,"Macaca_fuscata","Mammal","Primate","No","Yes","No"
"Macaca_fuscata","M",1567.6,134,"Macaca_fuscata","Mammal","Primate","No","Yes","No"
"Macaca_fuscata","Not mentioned",1558.6,123,"Macaca_fuscata","Mammal","Primate","No","Yes","No"
"Macaca_silenus","F",1494.1,114,"Macaca_silenus","Mammal","Primate","No","Yes","No"
"Macaca_silenus","M",1505.7,119,"Macaca_silenus","Mammal","Primate","No","Yes","No"
"Macaca_silenus","Not mentioned",1478.4,111,"Macaca_silenus","Mammal","Primate","No","Yes","No"
"Macronectes_halli","F",1523.6,138,"Macronectes_halli","Bird","Bird(notRaptor)","No","No","No"
"Macronectes_halli","M",1493.9,123,"Macronectes_halli","Bird","Bird(notRaptor)","No","No","No"
"Macronectes_halli","Not mentioned",1606.2,147,"Macronectes_halli","Bird","Bird(notRaptor)","No","No","No"
"Macropus_rufogriseus","F",1361.4,46,"Macropus_rufogriseus","Mammal","Marsupial","No","No","No"
"Macropus_rufogriseus","M",1403.5,70,"Macropus_rufogriseus","Mammal","Marsupial","No","No","No"
"Macropus_rufogriseus","Not mentioned",1400.7,75,"Macropus_rufogriseus","Mammal","Marsupial","No","No","No"
"Malayopython_reticulatus","F",1854.8,215,"Malayopython_reticulatus","Squamata","Snake","Yes","Yes","Yes"
"Malayopython_reticulatus","M",1842.2,213,"Malayopython_reticulatus","Squamata","Snake","Yes","Yes","Yes"
"Malayopython_reticulatus","Not mentioned",1750.2,211,"Malayopython_reticulatus","Squamata","Snake","Yes","Yes","Yes"
"Malpolon_monspessulanus","F",1845.6,197,"Malpolon_monspessulanus","Squamata","Snake","No","Yes","No"
"Malpolon_monspessulanus","M",1737.2,188,"Malpolon_monspessulanus","Squamata","Snake","No","Yes","No"
"Malpolon_monspessulanus","Not mentioned",1616.5,175,"Malpolon_monspessulanus","Squamata","Snake","No","Yes","No"
"Mandrillus_sphinx","F",1695.4,167,"Mandrillus_sphinx","Mammal","Primate","No","No","Yes"
"Mandrillus_sphinx","M",1595.7,169,"Mandrillus_sphinx","Mammal","Primate","No","No","Yes"
"Mandrillus_sphinx","Not mentioned",1806.4,216,"Mandrillus_sphinx","Mammal","Primate","No","No","Yes"
"Mandrillus_sphinx2","F",1614.8,141,"Mandrillus_sphinx","Mammal","Primate","No","No","Yes"
"Mandrillus_sphinx2","M",1587.8,158,"Mandrillus_sphinx","Mammal","Primate","No","No","Yes"
"Mandrillus_sphinx2","Not mentioned",1554.8,116,"Mandrillus_sphinx","Mammal","Primate","No","No","Yes"
"Miopithecus_ogouensis","F",1382.9,80,"Miopithecus_ogouensis","Mammal","Primate","No","No","No"
"Miopithecus_ogouensis","M",1452.3,81,"Miopithecus_ogouensis","Mammal","Primate","No","No","No"
"Miopithecus_ogouensis","Not mentioned",1471.1,90,"Miopithecus_ogouensis","Mammal","Primate","No","No","No"
"Morelia_spilota","F",1838.3,213,"Morelia_spilota","Squamata","Snake","No","Yes","No"
"Morelia_spilota","M",1777,191,"Morelia_spilota","Squamata","Snake","No","Yes","No"
"Morelia_spilota","Not mentioned",1627.9,186,"Morelia_spilota","Squamata","Snake","No","Yes","No"
"Mungos_mungo","F",1530.7,95,"Mungos_mungo","Mammal","Mongoose","No","Yes","No"
"Mungos_mungo","M",1515.3,130,"Mungos_mungo","Mammal","Mongoose","No","Yes","No"
"Mungos_mungo","Not mentioned",1565.5,149,"Mungos_mungo","Mammal","Mongoose","No","Yes","No"
"Muscardinus_avellanarius","F",1160.9,9,"Muscardinus_avellanarius","Mammal","Rodent","No","No","No"
"Muscardinus_avellanarius","M",1194.7,7,"Muscardinus_avellanarius","Mammal","Rodent","No","No","No"
"Muscardinus_avellanarius","Not mentioned",1226.3,16,"Muscardinus_avellanarius","Mammal","Rodent","No","No","No"
"Mygale","F",1836,214,"Mygale","Spider","Spider","No","Yes","No"
"Mygale","M",1805.7,204,"Mygale","Spider","Spider","No","Yes","No"
"Mygale","Not mentioned",1715.6,212,"Mygale","Spider","Spider","No","Yes","No"
"Myocastor_coypus","F",1297.8,37,"Myocastor_coypus","Mammal","Rodent","No","No","No"
"Myocastor_coypus","M",1311,37,"Myocastor_coypus","Mammal","Rodent","No","No","No"
"Myocastor_coypus","Not mentioned",1191.5,13,"Myocastor_coypus","Mammal","Rodent","No","No","No"
"Naja_naja","F",1912.3,212,"Naja_naja","Squamata","Snake","No","Yes","Yes"
"Naja_naja","M",1935.1,219,"Naja_naja","Squamata","Snake","No","Yes","Yes"
"Naja_naja","Not mentioned",1722.4,202,"Naja_naja","Squamata","Snake","No","Yes","Yes"
"Nasua_narica","F",1460.3,76,"Nasua_narica","Mammal","Procyonide","No","No","No"
"Nasua_narica","M",1351.1,95,"Nasua_narica","Mammal","Procyonide","No","No","No"
"Nasua_narica","Not mentioned",1643.6,174,"Nasua_narica","Mammal","Procyonide","No","No","No"
"Nasua_nasua","F",1363.2,59,"Nasua_nasua","Mammal","Procyonide","No","No","No"
"Nasua_nasua","M",1386.1,57,"Nasua_nasua","Mammal","Procyonide","No","No","No"
"Nasua_nasua","Not mentioned",1404.1,86,"Nasua_nasua","Mammal","Procyonide","No","No","No"
"Necrosyrtes_monachus","F",1536.8,115,"Necrosyrtes_monachus","Bird","Raptor","No","No","No"
"Necrosyrtes_monachus","M",1580.3,153,"Necrosyrtes_monachus","Bird","Raptor","No","No","No"
"Necrosyrtes_monachus","Not mentioned",1385.4,58,"Necrosyrtes_monachus","Bird","Raptor","No","No","No"
"Neofelis_nebulosa","F",1641,152,"Neofelis_nebulosa","Mammal","Felidae","Yes","No","Yes"
"Neofelis_nebulosa","M",1634.3,162,"Neofelis_nebulosa","Mammal","Felidae","Yes","No","Yes"
"Neofelis_nebulosa","Not mentioned",1628.6,155,"Neofelis_nebulosa","Mammal","Felidae","Yes","No","Yes"
"Nestor_meridionalis","F",1302.9,41,"Nestor_meridionalis","Bird","Bird(notRaptor)","No","No","No"
"Nestor_meridionalis","M",1335.9,63,"Nestor_meridionalis","Bird","Bird(notRaptor)","No","No","No"
"Nestor_meridionalis","Not mentioned",1358.6,48,"Nestor_meridionalis","Bird","Bird(notRaptor)","No","No","No"
"Notechis_scutatus","F",1868.8,216,"Notechis_scutatus","Squamata","Snake","No","Yes","Yes"
"Notechis_scutatus","M",1862.9,193,"Notechis_scutatus","Squamata","Snake","No","Yes","Yes"
"Notechis_scutatus","Not mentioned",1758.2,209,"Notechis_scutatus","Squamata","Snake","No","Yes","Yes"
"Numida_meleagris","F",1546.2,122,"Numida_meleagris","Bird","Bird(notRaptor)","No","No","No"
"Numida_meleagris","M",1479.9,131,"Numida_meleagris","Bird","Bird(notRaptor)","No","No","No"
"Numida_meleagris","Not mentioned",1576.6,154,"Numida_meleagris","Bird","Bird(notRaptor)","No","No","No"
"Nyctereutes_procyonoides","F",1375.9,64,"Nyctereutes_procyonoides","Mammal","Canidae","No","Yes","No"
"Nyctereutes_procyonoides","M",1313.5,75,"Nyctereutes_procyonoides","Mammal","Canidae","No","Yes","No"
"Nyctereutes_procyonoides","Not mentioned",1458.8,92,"Nyctereutes_procyonoides","Mammal","Canidae","No","Yes","No"
"Odonata","F",1486.7,127,"Odonata","Insect","Odonata","No","Yes","No"
"Odonata","M",1499.5,120,"Odonata","Insect","Odonata","No","Yes","No"
"Odonata","Not mentioned",1458.3,120,"Odonata","Insect","Odonata","No","Yes","No"
"Odonata2","F",1583.6,110,"Odonata","Insect","Odonata","No","Yes","No"
"Odonata2","M",1446.7,114,"Odonata","Insect","Odonata","No","Yes","No"
"Odonata2","Not mentioned",1358.6,53,"Odonata","Insect","Odonata","No","Yes","No"
"Oryctolagus_cuniculus","F",1000.5,3,"Oryctolagus_cuniculus","Mammal","Lagomorpha","No","No","No"
"Oryctolagus_cuniculus","M",1074.9,6,"Oryctolagus_cuniculus","Mammal","Lagomorpha","No","No","No"
"Oryctolagus_cuniculus","Not mentioned",1152.6,5,"Oryctolagus_cuniculus","Mammal","Lagomorpha","No","No","No"
"Oryctolagus_cuniculus2","F",902.2,1,"Oryctolagus_cuniculus","Mammal","Lagomorpha","No","No","No"
"Oryctolagus_cuniculus2","M",902.5,2,"Oryctolagus_cuniculus","Mammal","Lagomorpha","No","No","No"
"Oryctolagus_cuniculus2","Not mentioned",1234.3,20,"Oryctolagus_cuniculus","Mammal","Lagomorpha","No","No","No"
"Otocolobus_manul","F",1471.7,101,"Otocolobus_manul","Mammal","Felidae","No","Yes","No"
"Otocolobus_manul","M",1529.7,110,"Otocolobus_manul","Mammal","Felidae","No","Yes","No"
"Otocolobus_manul","Not mentioned",1443.1,102,"Otocolobus_manul","Mammal","Felidae","No","Yes","No"
"Pamphagidae","F",1494.3,121,"Pamphagidae","Insect","Orthoptere","No","No","No"
"Pamphagidae","M",1428.8,91,"Pamphagidae","Insect","Orthoptere","No","No","No"
"Pamphagidae","Not mentioned",1396.5,65,"Pamphagidae","Insect","Orthoptere","No","No","No"
"Pan_paniscus","F",1473.5,97,"Pan_panisucs","Mammal","Primate","No","Yes","No"
"Pan_paniscus","M",1457,99,"Pan_panisucs","Mammal","Primate","No","Yes","No"
"Pan_paniscus","Not mentioned",1462.9,103,"Pan_panisucs","Mammal","Primate","No","Yes","No"
"Pan_paniscus2","F",1473,89,"Pan_panisucs","Mammal","Primate","No","Yes","No"
"Pan_paniscus2","M",1468.5,122,"Pan_panisucs","Mammal","Primate","No","Yes","No"
"Pan_paniscus2","Not mentioned",1690.6,179,"Pan_panisucs","Mammal","Primate","No","Yes","No"
"Pan_paniscus3","F",1444.6,91,"Pan_panisucs","Mammal","Primate","No","Yes","No"
"Pan_paniscus3","M",1442,102,"Pan_panisucs","Mammal","Primate","No","Yes","No"
"Pan_paniscus3","Not mentioned",1484.3,117,"Pan_panisucs","Mammal","Primate","No","Yes","No"
"Pan_paniscus4","F",1442.9,79,"Pan_panisucs","Mammal","Primate","No","Yes","No"
"Pan_paniscus4","M",1445.8,84,"Pan_panisucs","Mammal","Primate","No","Yes","No"
"Pan_paniscus4","Not mentioned",1424.2,79,"Pan_panisucs","Mammal","Primate","No","Yes","No"
"Pan_troglodytes","F",1542.9,145,"Pan_troglodytes","Mammal","Primate","Yes","No","Yes"
"Pan_troglodytes","M",1521.1,152,"Pan_troglodytes","Mammal","Primate","Yes","No","Yes"
"Pan_troglodytes","Not mentioned",1605.4,153,"Pan_troglodytes","Mammal","Primate","Yes","No","Yes"
"Pan_troglodytes2","F",1384.5,60,"Pan_troglodytes","Mammal","Primate","Yes","No","Yes"
"Pan_troglodytes2","M",1389.8,56,"Pan_troglodytes","Mammal","Primate","Yes","No","Yes"
"Pan_troglodytes2","Not mentioned",1510.9,95,"Pan_troglodytes","Mammal","Primate","Yes","No","Yes"
"Panthera_leo","F",1753.2,171,"Panthera_leo","Mammal","Felidae","Yes","No","Yes"
"Panthera_leo","M",1805.2,192,"Panthera_leo","Mammal","Felidae","Yes","No","Yes"
"Panthera_leo","Not mentioned",1624,171,"Panthera_leo","Mammal","Felidae","Yes","No","Yes"
"Panthera_leo2","F",1697.4,174,"Panthera_leo","Mammal","Felidae","Yes","No","Yes"
"Panthera_leo2","M",1788.5,189,"Panthera_leo","Mammal","Felidae","Yes","No","Yes"
"Panthera_leo2","Not mentioned",1728,200,"Panthera_leo","Mammal","Felidae","Yes","No","Yes"
"Panthera_leo3","F",1746.3,187,"Panthera_leo","Mammal","Felidae","Yes","No","Yes"
"Panthera_leo3","M",1815.1,198,"Panthera_leo","Mammal","Felidae","Yes","No","Yes"
"Panthera_leo3","Not mentioned",1616.9,160,"Panthera_leo","Mammal","Felidae","Yes","No","Yes"
"Panthera_onca","F",1740.4,190,"Panthera_onca","Mammal","Felidae","Yes","No","Yes"
"Panthera_onca","M",1795.1,206,"Panthera_onca","Mammal","Felidae","Yes","No","Yes"
"Panthera_onca","Not mentioned",1750.8,208,"Panthera_onca","Mammal","Felidae","Yes","No","Yes"
"Panthera_onca_2","F",1685,182,"Panthera_onca","Mammal","Felidae","Yes","No","Yes"
"Panthera_onca_2","M",1741.4,201,"Panthera_onca","Mammal","Felidae","Yes","No","Yes"
"Panthera_onca_2","Not mentioned",1766.9,215,"Panthera_onca","Mammal","Felidae","Yes","No","Yes"
"Panthera_onca3","F",1739,191,"Panthera_onca","Mammal","Felidae","Yes","No","Yes"
"Panthera_onca3","M",1902.4,203,"Panthera_onca","Mammal","Felidae","Yes","No","Yes"
"Panthera_onca3","Not mentioned",1827.2,219,"Panthera_onca","Mammal","Felidae","Yes","No","Yes"
"Panthera_pardus","F",1733.8,198,"Panthera_pardus","Mammal","Felidae","Yes","No","Yes"
"Panthera_pardus","M",1736.6,200,"Panthera_pardus","Mammal","Felidae","Yes","No","Yes"
"Panthera_pardus","Not mentioned",1766.3,213,"Panthera_pardus","Mammal","Felidae","Yes","No","Yes"
"Panthera_pardus_3","F",1738,196,"Panthera_pardus","Mammal","Felidae","Yes","No","Yes"
"Panthera_pardus_3","M",1708.7,210,"Panthera_pardus","Mammal","Felidae","Yes","No","Yes"
"Panthera_pardus_3","Not mentioned",1608.9,173,"Panthera_pardus","Mammal","Felidae","Yes","No","Yes"
"Panthera_pardus2","F",1668.8,179,"Panthera_pardus","Mammal","Felidae","Yes","No","Yes"
"Panthera_pardus2","M",1690.2,174,"Panthera_pardus","Mammal","Felidae","Yes","No","Yes"
"Panthera_pardus2","Not mentioned",1624.3,165,"Panthera_pardus","Mammal","Felidae","Yes","No","Yes"
"Panthera_tigris2","F",1761.8,181,"Panthera_tigris","Mammal","Felidae","Yes","No","Yes"
"Panthera_tigris2","M",1832.9,216,"Panthera_tigris","Mammal","Felidae","Yes","No","Yes"
"Panthera_tigris2","Not mentioned",1663.4,189,"Panthera_tigris","Mammal","Felidae","Yes","No","Yes"
"Panthera_uncia","F",1765.3,184,"Panthera_uncia","Mammal","Felidae","Yes","No","Yes"
"Panthera_uncia","M",1767,166,"Panthera_uncia","Mammal","Felidae","Yes","No","Yes"
"Panthera_uncia","Not mentioned",1661.4,182,"Panthera_uncia","Mammal","Felidae","Yes","No","Yes"
"Papillon","F",1553.7,125,"Papillon","Insect","Lepidoptera","No","No","No"
"Papillon","M",1479.7,111,"Papillon","Insect","Lepidoptera","No","No","No"
"Papillon","Not mentioned",1477.1,73,"Papillon","Insect","Lepidoptera","No","No","No"
"Papio_hamadryas","F",1658.2,175,"Papio_hamadryas","Mammal","Primate","No","No","No"
"Papio_hamadryas","M",1612.5,170,"Papio_hamadryas","Mammal","Primate","No","No","No"
"Papio_hamadryas","Not mentioned",1614.2,167,"Papio_hamadryas","Mammal","Primate","No","No","No"
"Pardofelis_temminckii","F",1485.6,150,"Pardofelis_temminckii","Mammal","Felidae","Yes","Yes","No"
"Pardofelis_temminckii","M",1584.7,129,"Pardofelis_temminckii","Mammal","Felidae","Yes","Yes","No"
"Pardofelis_temminckii","Not mentioned",1536.3,129,"Pardofelis_temminckii","Mammal","Felidae","Yes","Yes","No"
"Petroica_macrocephala","F",985.9,2,"Petroica_macrocephala","Bird","Bird(notRaptor)","No","No","No"
"Petroica_macrocephala","M",1036.6,1,"Petroica_macrocephala","Bird","Bird(notRaptor)","No","No","No"
"Petroica_macrocephala","Not mentioned",1190.2,8,"Petroica_macrocephala","Bird","Bird(notRaptor)","No","No","No"
"Phacochoerus_africanus","F",1795.1,207,"Phacochoerus_africanus","Mammal","Ungulate","No","No","No"
"Phacochoerus_africanus","M",1783.3,194,"Phacochoerus_africanus","Mammal","Ungulate","No","No","No"
"Phacochoerus_africanus","Not mentioned",1733.4,210,"Phacochoerus_africanus","Mammal","Ungulate","No","No","No"
"Phascolarctos_cinereus","F",1112.2,4,"Phascolarctos_cinereus","Mammal","Marsupial","No","No","No"
"Phascolarctos_cinereus","M",1076.6,3,"Phascolarctos_cinereus","Mammal","Marsupial","No","No","No"
"Phascolarctos_cinereus","Not mentioned",1277.4,12,"Phascolarctos_cinereus","Mammal","Marsupial","No","No","No"
"Phascolarctos_cinereus2","F",945.8,5,"Phascolarctos_cinereus","Mammal","Marsupial","No","No","No"
"Phascolarctos_cinereus2","M",1078.1,5,"Phascolarctos_cinereus","Mammal","Marsupial","No","No","No"
"Phascolarctos_cinereus2","Not mentioned",1165,4,"Phascolarctos_cinereus","Mammal","Marsupial","No","No","No"
"Pholcus_phalangioides","F",1887.3,210,"Pholcus_phalangioides","Spider","Spider","No","Yes","No"
"Pholcus_phalangioides","M",1783.3,207,"Pholcus_phalangioides","Spider","Spider","No","Yes","No"
"Pholcus_phalangioides","Not mentioned",1808.1,217,"Pholcus_phalangioides","Spider","Spider","No","Yes","No"
"Pithecia pithecia","F",1496.7,98,"Pithecia_pithecia","Mammal","Primate","No","No","No"
"Pithecia pithecia","M",1587.7,133,"Pithecia_pithecia","Mammal","Primate","No","No","No"
"Pithecia pithecia","Not mentioned",1603.4,150,"Pithecia_pithecia","Mammal","Primate","No","No","No"
"Pithecia pithecia2","F",1493.1,126,"Pithecia_pithecia","Mammal","Primate","No","No","No"
"Pithecia pithecia2","M",1521,113,"Pithecia_pithecia","Mammal","Primate","No","No","No"
"Pithecia pithecia2","Not mentioned",1507.5,100,"Pithecia_pithecia","Mammal","Primate","No","No","No"
"Plathyrrhinus_fusciventris","F",1543.7,118,"Platyrrhinus_fusciventris","Mammal","Chiroptera","No","No","No"
"Plathyrrhinus_fusciventris","M",1463.6,124,"Platyrrhinus_fusciventris","Mammal","Chiroptera","No","No","No"
"Plathyrrhinus_fusciventris","Not mentioned",1385.3,70,"Platyrrhinus_fusciventris","Mammal","Chiroptera","No","No","No"
"Podarcis_muralis","F",1645.9,166,"Podarcis_muralis","Squamata","Lizard","No","Yes","No"
"Podarcis_muralis","M",1535.2,138,"Podarcis_muralis","Squamata","Lizard","No","Yes","No"
"Podarcis_muralis","Not mentioned",1510,107,"Podarcis_muralis","Squamata","Lizard","No","Yes","No"
"Pogona_vitticeps","F",1535.8,117,"Pogona_vitticeps","Squamata","Lizard","No","Yes","No"
"Pogona_vitticeps","M",1415.4,80,"Pogona_vitticeps","Squamata","Lizard","No","Yes","No"
"Pogona_vitticeps","Not mentioned",1527.7,137,"Pogona_vitticeps","Squamata","Lizard","No","Yes","No"
"Porphyrio_hochstetteri","F",1467.2,94,"Porphyrio_hochstetteri","Bird","Bird(notRaptor)","No","No","No"
"Porphyrio_hochstetteri","M",1458.9,89,"Porphyrio_hochstetteri","Bird","Bird(notRaptor)","No","No","No"
"Porphyrio_hochstetteri","Not mentioned",1426.9,76,"Porphyrio_hochstetteri","Bird","Bird(notRaptor)","No","No","No"
"Procyon_lotor","F",1287.3,28,"Procyon_lotor","Mammal","Procyonide","No","Yes","No"
"Procyon_lotor","M",1301.5,47,"Procyon_lotor","Mammal","Procyonide","No","Yes","No"
"Procyon_lotor","Not mentioned",1317.1,35,"Procyon_lotor","Mammal","Procyonide","No","Yes","No"
"Propithecus_coquereli","F",1231.1,27,"Propithecus_coquereli","Mammal","Primate","No","No","No"
"Propithecus_coquereli","M",1230.1,44,"Propithecus_coquereli","Mammal","Primate","No","No","No"
"Propithecus_coquereli","Not mentioned",1328.3,49,"Propithecus_coquereli","Mammal","Primate","No","No","No"
"Propithecus_verreauxi","F",1302.5,52,"Propithecus_verreauxi","Mammal","Primate","No","No","No"
"Propithecus_verreauxi","M",1249.2,32,"Propithecus_verreauxi","Mammal","Primate","No","No","No"
"Propithecus_verreauxi","Not mentioned",1314.6,33,"Propithecus_verreauxi","Mammal","Primate","No","No","No"
"Psittacus_erithacus","F",1290.8,43,"Psittacus_erithacus","Bird","Bird(notRaptor)","No","No","No"
"Psittacus_erithacus","M",1279.7,28,"Psittacus_erithacus","Bird","Bird(notRaptor)","No","No","No"
"Psittacus_erithacus","Not mentioned",1459.6,88,"Psittacus_erithacus","Bird","Bird(notRaptor)","No","No","No"
"Pteropus_conspicillatus","F",1430.5,83,"Pteropus_conspicillatus","Mammal","Chiroptera","No","No","No"
"Pteropus_conspicillatus","M",1381.8,104,"Pteropus_conspicillatus","Mammal","Chiroptera","No","No","No"
"Pteropus_conspicillatus","Not mentioned",1422.6,97,"Pteropus_conspicillatus","Mammal","Chiroptera","No","No","No"
"Puma_concolor","F",1695.9,180,"Puma_concolor","Mammal","Felidae","Yes","No","Yes"
"Puma_concolor","M",1729.2,182,"Puma_concolor","Mammal","Felidae","Yes","No","Yes"
"Puma_concolor","Not mentioned",1746.4,205,"Puma_concolor","Mammal","Felidae","Yes","No","Yes"
"Python_bivittatus","F",1811.4,199,"Python_bivittatus","Squamata","Snake","Yes","Yes","Yes"
"Python_bivittatus","M",1795.2,208,"Python_bivittatus","Squamata","Snake","Yes","Yes","Yes"
"Python_bivittatus","Not mentioned",1737.1,199,"Python_bivittatus","Squamata","Snake","Yes","Yes","Yes"
"Python_regius","F",1814.3,201,"Python_regius","Squamata","Snake","No","Yes","No"
"Python_regius","M",1801.9,187,"Python_regius","Squamata","Snake","No","Yes","No"
"Python_regius","Not mentioned",1659.9,180,"Python_regius","Squamata","Snake","No","Yes","No"
"Rattus_norvegicus","F",1356.3,69,"Rattus_norvegicus","Mammal","Rodent","No","No","No"
"Rattus_norvegicus","M",1381.7,30,"Rattus_norvegicus","Mammal","Rodent","No","No","No"
"Rattus_norvegicus","Not mentioned",1316.6,31,"Rattus_norvegicus","Mammal","Rodent","No","No","No"
"Rhinopithecus_roxellana","F",1288.2,55,"Rhinopithecus_roxellana","Mammal","Primate","No","No","No"
"Rhinopithecus_roxellana","M",1283.1,35,"Rhinopithecus_roxellana","Mammal","Primate","No","No","No"
"Rhinopithecus_roxellana","Not mentioned",1390.9,36,"Rhinopithecus_roxellana","Mammal","Primate","No","No","No"
"Rhyticeros_cassidix","F",1403.5,93,"Rhyticeros_cassidix","Bird","Bird(notRaptor)","No","No","No"
"Rhyticeros_cassidix","M",1422.1,82,"Rhyticeros_cassidix","Bird","Bird(notRaptor)","No","No","No"
"Rhyticeros_cassidix","Not mentioned",1344.4,57,"Rhyticeros_cassidix","Bird","Bird(notRaptor)","No","No","No"
"Romalea_microptera","F",1461.2,100,"Romalea_microptera","Insect","Orthoptere","No","No","No"
"Romalea_microptera","M",1398.9,105,"Romalea_microptera","Insect","Orthoptere","No","No","No"
"Romalea_microptera","Not mentioned",1449.9,82,"Romalea_microptera","Insect","Orthoptere","No","No","No"
"Saiga_tatarica","F",1465.3,72,"Saiga_tatarica","Mammal","Ungulate","No","No","No"
"Saiga_tatarica","M",1447.1,83,"Saiga_tatarica","Mammal","Ungulate","No","No","No"
"Saiga_tatarica","Not mentioned",1478.4,125,"Saiga_tatarica","Mammal","Ungulate","No","No","No"
"Sarcophilus_harrisii","F",1594.4,149,"Sarcophilus_harrisii","Mammal","Marsupial","No","Yes","No"
"Sarcophilus_harrisii","M",1585.9,143,"Sarcophilus_harrisii","Mammal","Marsupial","No","Yes","No"
"Sarcophilus_harrisii","Not mentioned",1774.6,214,"Sarcophilus_harrisii","Mammal","Marsupial","No","Yes","No"
"Spalax","F",1558,134,"Spalax","Mammal","Rodent","No","No","No"
"Spalax","M",1521,115,"Spalax","Mammal","Rodent","No","No","No"
"Spalax","Not mentioned",1254.7,22,"Spalax","Mammal","Rodent","No","No","No"
"Spheniscus_humboldti","F",1197.1,14,"Spheniscus_humboldti","Bird","Bird(notRaptor)","No","Yes","No"
"Spheniscus_humboldti","M",1224.4,12,"Spheniscus_humboldti","Bird","Bird(notRaptor)","No","Yes","No"
"Spheniscus_humboldti","Not mentioned",1183.9,3,"Spheniscus_humboldti","Bird","Bird(notRaptor)","No","Yes","No"
"Stephanoaetus_coronatus","F",1465.3,96,"Stephanoaetus_coronatus","Bird","Raptor","Yes","No","No"
"Stephanoaetus_coronatus","M",1464.7,116,"Stephanoaetus_coronatus","Bird","Raptor","Yes","No","No"
"Stephanoaetus_coronatus","Not mentioned",1575.3,122,"Stephanoaetus_coronatus","Bird","Raptor","Yes","No","No"
"Strophurus","F",1503,109,"Strophurus_","Squamata","Lizard","No","Yes","No"
"Strophurus","M",1445.5,100,"Strophurus_","Squamata","Lizard","No","Yes","No"
"Strophurus","Not mentioned",1308.1,32,"Strophurus_","Squamata","Lizard","No","Yes","No"
"Struthio_camelus","F",1638.8,155,"Struthio_camelus","Bird","Bird(notRaptor)","No","No","No"
"Struthio_camelus","M",1596.2,145,"Struthio_camelus","Bird","Bird(notRaptor)","No","No","No"
"Struthio_camelus","Not mentioned",1631.2,162,"Struthio_camelus","Bird","Bird(notRaptor)","No","No","No"
"Sula_nebouxii","F",1528.4,103,"Sula_nebouxii","Bird","Bird(notRaptor)","No","Yes","No"
"Sula_nebouxii","M",1393.2,64,"Sula_nebouxii","Bird","Bird(notRaptor)","No","Yes","No"
"Sula_nebouxii","Not mentioned",1445.7,94,"Sula_nebouxii","Bird","Bird(notRaptor)","No","Yes","No"
"Sula_sula","F",1470.5,105,"Sula_sula","Bird","Bird(notRaptor)","No","Yes","No"
"Sula_sula","M",1462.4,103,"Sula_sula","Bird","Bird(notRaptor)","No","Yes","No"
"Sula_sula","Not mentioned",1482.4,114,"Sula_sula","Bird","Bird(notRaptor)","No","Yes","No"
"Suricata_suricatta","F",1313.2,47,"Suricata_suricatta","Mammal","Mongoose","No","Yes","No"
"Suricata_suricatta","M",1278.1,50,"Suricata_suricatta","Mammal","Mongoose","No","Yes","No"
"Suricata_suricatta","Not mentioned",1324.9,39,"Suricata_suricatta","Mammal","Mongoose","No","Yes","No"
"Sus_scrofa","F",1618.5,156,"Sus_scrofa","Mammal","Ungulate","No","No","Yes"
"Sus_scrofa","M",1570.6,148,"Sus_scrofa","Mammal","Ungulate","No","No","Yes"
"Sus_scrofa","Not mentioned",1543.6,139,"Sus_scrofa","Mammal","Ungulate","No","No","Yes"
"Tapirus_indicus","F",1407.3,56,"Tapirus_indicus","Mammal","Ungulate","No","No","No"
"Tapirus_indicus","M",1364.6,76,"Tapirus_indicus","Mammal","Ungulate","No","No","No"
"Tapirus_indicus","Not mentioned",1486,81,"Tapirus_indicus","Mammal","Ungulate","No","No","No"
"Taricha_torosa","F",1470.1,92,"Taricha_torosa","Squamata","Amphibia","No","Yes","No"
"Taricha_torosa","M",1475.1,93,"Taricha_torosa","Squamata","Amphibia","No","Yes","No"
"Taricha_torosa","Not mentioned",1486.8,108,"Taricha_torosa","Squamata","Amphibia","No","Yes","No"
"Tauraco_leucotis","F",1165.6,6,"Tauraco_leucotis","Bird","Bird(notRaptor)","No","No","No"
"Tauraco_leucotis","M",1122.1,4,"Tauraco_leucotis","Bird","Bird(notRaptor)","No","No","No"
"Tauraco_leucotis","Not mentioned",1255.6,9,"Tauraco_leucotis","Bird","Bird(notRaptor)","No","No","No"
"Testudo_hermanni","F",1165.1,15,"Testudo_hermanni","Squamata","Tortoise","No","No","No"
"Testudo_hermanni","M",1133.3,9,"Testudo_hermanni","Squamata","Tortoise","No","No","No"
"Testudo_hermanni","Not mentioned",1330.1,28,"Testudo_hermanni","Squamata","Tortoise","No","No","No"
"Thalassarche_cauta","F",1478.5,104,"Thalassarche_cauta","Bird","Bird(notRaptor)","No","No","No"
"Thalassarche_cauta","M",1489.5,97,"Thalassarche_cauta","Bird","Bird(notRaptor)","No","No","No"
"Thalassarche_cauta","Not mentioned",1556.5,138,"Thalassarche_cauta","Bird","Bird(notRaptor)","No","No","No"
"Theropithecus_gelada","F",1690,189,"Theropithecus_gelada","Mammal","Primate","No","No","No"
"Theropithecus_gelada","M",1691.3,197,"Theropithecus_gelada","Mammal","Primate","No","No","No"
"Theropithecus_gelada","Not mentioned",1638.6,164,"Theropithecus_gelada","Mammal","Primate","No","No","No"
"Thomisus_onustus","F",1747,178,"Thomisus_onustus","Spider","Spider","No","Yes","No"
"Thomisus_onustus","M",1704.5,172,"Thomisus_onustus","Spider","Spider","No","Yes","No"
"Thomisus_onustus","Not mentioned",1717.6,197,"Thomisus_onustus","Spider","Spider","No","Yes","No"
"Tockus_flavirostris","F",1556.4,124,"Tockus_flavirostris","Bird","Bird(notRaptor)","No","No","No"
"Tockus_flavirostris","M",1490.4,90,"Tockus_flavirostris","Bird","Bird(notRaptor)","No","No","No"
"Tockus_flavirostris","Not mentioned",1424.7,115,"Tockus_flavirostris","Bird","Bird(notRaptor)","No","No","No"
"Trichosurus_vulpecula","F",1438,74,"Trichosurus_vulpecula","Mammal","Marsupial","No","No","No"
"Trichosurus_vulpecula","M",1419.3,126,"Trichosurus_vulpecula","Mammal","Marsupial","No","No","No"
"Trichosurus_vulpecula","Not mentioned",1471.4,96,"Trichosurus_vulpecula","Mammal","Marsupial","No","No","No"
"Ursus_arctos_horribilis","F",1758.2,185,"Ursus_arctos_horribilis","Mammal","Ursus","Yes","No","Yes"
"Ursus_arctos_horribilis","M",1798.3,186,"Ursus_arctos_horribilis","Mammal","Ursus","Yes","No","Yes"
"Ursus_arctos_horribilis","Not mentioned",1768.7,196,"Ursus_arctos_horribilis","Mammal","Ursus","Yes","No","Yes"
"Ursus_maritimus","F",1699.2,169,"Ursus_maritimus","Mammal","Ursus","Yes","No","Yes"
"Ursus_maritimus","M",1835.4,181,"Ursus_maritimus","Mammal","Ursus","Yes","No","Yes"
"Ursus_maritimus","Not mentioned",1716.1,195,"Ursus_maritimus","Mammal","Ursus","Yes","No","Yes"
"Ursus_thibetanus","F",1730.1,188,"Ursus_thibetanus","Mammal","Ursus","No","Yes","Yes"
"Ursus_thibetanus","M",1703.2,183,"Ursus_thibetanus","Mammal","Ursus","No","Yes","Yes"
"Ursus_thibetanus","Not mentioned",1697.7,191,"Ursus_thibetanus","Mammal","Ursus","No","Yes","Yes"
"Varecia_rubra","F",1388.5,78,"Varecia_rubra","Mammal","Primate","No","No","No"
"Varecia_rubra","M",1443.6,87,"Varecia_rubra","Mammal","Primate","No","No","No"
"Varecia_rubra","Not mentioned",1550.4,136,"Varecia_rubra","Mammal","Primate","No","No","No"
"Varecia_variegata","F",1338.7,62,"Varecia_variegata","Mammal","Primate","No","No","No"
"Varecia_variegata","M",1320.5,46,"Varecia_variegata","Mammal","Primate","No","No","No"
"Varecia_variegata","Not mentioned",1425.5,77,"Varecia_variegata","Mammal","Primate","No","No","No"
"Vespula_germanica","F",1693.4,163,"Vespula_germanica","Insect","Hymenoptera","No","Yes","Yes"
"Vespula_germanica","M",1660.4,168,"Vespula_germanica","Insect","Hymenoptera","No","Yes","Yes"
"Vespula_germanica","Not mentioned",1607.2,166,"Vespula_germanica","Insect","Hymenoptera","No","Yes","Yes"
"Vicugna_pacos","F",1334.5,40,"Vicugna_pacos","Mammal","Ungulate","No","No","No"
"Vicugna_pacos","M",1319.9,25,"Vicugna_pacos","Mammal","Ungulate","No","No","No"
"Vicugna_pacos","Not mentioned",1198.3,10,"Vicugna_pacos","Mammal","Ungulate","No","No","No"
"Vicugna_pacos2","F",1277.3,53,"Vicugna_pacos","Mammal","Ungulate","No","No","No"
"Vicugna_pacos2","M",1332.6,61,"Vicugna_pacos","Mammal","Ungulate","No","No","No"
"Vicugna_pacos2","Not mentioned",1449.5,85,"Vicugna_pacos","Mammal","Ungulate","No","No","No"
"Vicugna_vicugna","F",1180.2,18,"Vicugna_vicugna","Mammal","Ungulate","No","No","No"
"Vicugna_vicugna","M",1200.9,15,"Vicugna_vicugna","Mammal","Ungulate","No","No","No"
"Vicugna_vicugna","Not mentioned",1416.2,66,"Vicugna_vicugna","Mammal","Ungulate","No","No","No"
"Vipera_ammodytes","F",1865.2,219,"Vipera_ammodytes","Squamata","Snake","No","Yes","Yes"
"Vipera_ammodytes","M",1879,217,"Vipera_ammodytes","Squamata","Snake","No","Yes","Yes"
"Vipera_ammodytes","Not mentioned",1880.5,221,"Vipera_ammodytes","Squamata","Snake","No","Yes","Yes"
"Vipera_aspis","F",1844.6,206,"Vipera_aspis","Squamata","Snake","No","Yes","Yes"
"Vipera_aspis","M",1785.8,196,"Vipera_aspis","Squamata","Snake","No","Yes","Yes"
"Vipera_aspis","Not mentioned",1882.2,220,"Vipera_aspis","Squamata","Snake","No","Yes","Yes"
"Vulpes_zerda","F",1271.9,33,"Vulpes_zerda","Mammal","Canidae","No","Yes","No"
"Vulpes_zerda","M",1338.5,65,"Vulpes_zerda","Mammal","Canidae","No","Yes","No"
"Vulpes_zerda","Not mentioned",1255.3,19,"Vulpes_zerda","Mammal","Canidae","No","Yes","No"
"Zamenis_longissimus","F",1795.2,203,"Zamenis_longissimus","Squamata","Snake","No","Yes","No"
"Zamenis_longissimus","M",1710.7,178,"Zamenis_longissimus","Squamata","Snake","No","Yes","No"
"Zamenis_longissimus","Not mentioned",1647.4,169,"Zamenis_longissimus","Squamata","Snake","No","Yes","No"
"Zoropsis_spinimana","F",1763.5,194,"Zoropsis_spinimana","Spider","Spider","No","Yes","No"
"Zoropsis_spinimana","M",1791.6,205,"Zoropsis_spinimana","Spider","Spider","No","Yes","No"
"Zoropsis_spinimana","Not mentioned",1487.5,127,"Zoropsis_spinimana","Spider","Spider","No","Yes","No"
