"","Name","Age","EloScore","EloRank","Species","Group","Subgroup","PredatorPrimates","Predator","Dangerous","Interet"
"1","Oryctolagus_cuniculus2","- 30 years old",866.5,1,"Oryctolagus_cuniculus","Mammal","Lagomorpha","No","No","No","Others"
"2","Oryctolagus_cuniculus2","+ 30 years old",827.2,1,"Oryctolagus_cuniculus","Mammal","Lagomorpha","No","No","No","Others"
"3","Petroica_macrocephala","- 30 years old",1057.6,2,"Petroica_macrocephala","Bird","Bird (not Raptor)","No","No","No","Others"
"4","Petroica_macrocephala","+ 30 years old",1008.4,2,"Petroica_macrocephala","Bird","Bird (not Raptor)","No","No","No","Others"
"5","Phascolarctos_cinereus","- 30 years old",1073.1,3,"Phascolarctos_cinereus","Mammal","Marsupial","No","No","No","Others"
"6","Oryctolagus_cuniculus","+ 30 years old",1047,3,"Oryctolagus_cuniculus","Mammal","Lagomorpha","No","No","No","Others"
"7","Phascolarctos_cinereus2","- 30 years old",1090.9,4,"Phascolarctos_cinereus","Mammal","Marsupial","No","No","No","Others"
"8","Phascolarctos_cinereus2","+ 30 years old",988.6,4,"Phascolarctos_cinereus","Mammal","Marsupial","No","No","No","Others"
"9","Oryctolagus_cuniculus","- 30 years old",1137.7,5,"Oryctolagus_cuniculus","Mammal","Lagomorpha","No","No","No","Others"
"10","Testudo_hermanni","+ 30 years old",1075.4,5,"Testudo_hermanni","Squamata","Tortoise","No","No","No","Others"
"11","Testudo_hermanni","- 30 years old",1159.9,6,"Testudo_hermanni","Squamata","Tortoise","No","No","No","Others"
"12","Tauraco_leucotis","+ 30 years old",1108.5,6,"Tauraco_leucotis","Bird","Bird (not Raptor)","No","No","No","Others"
"13","Muscardinus_avellanarius","- 30 years old",1126.1,7,"Muscardinus_avellanarius","Mammal","Rodent","No","No","No","Others"
"14","Phascolarctos_cinereus","+ 30 years old",1094.8,7,"Phascolarctos_cinereus","Mammal","Marsupial","No","No","No","Others"
"15","Vicugna_vicugna","- 30 years old",1203.6,8,"Vicugna_vicugna","Mammal","Ungulate","No","No","No","Others"
"16","Felis_silvestris","+ 30 years old",1135.5,8,"Felis_silvestris_","Mammal","Felidae","No","No","No","Felidae"
"17","Canis_lupus_familiaris2","- 30 years old",1195,9,"Canis_lupus_familiaris","Mammal","Canidae","No","Yes","Yes","Canidae"
"18","Vicugna_vicugna","+ 30 years old",1159.5,9,"Vicugna_vicugna","Mammal","Ungulate","No","No","No","Others"
"19","Felis_silvestris","- 30 years old",1163.8,10,"Felis_silvestris_","Mammal","Felidae","No","No","No","Felidae"
"20","Muscardinus_avellanarius","+ 30 years old",1194.6,10,"Muscardinus_avellanarius","Mammal","Rodent","No","No","No","Others"
"21","Spheniscus_humboldti","- 30 years old",1175.6,11,"Spheniscus_humboldti","Bird","Bird (not Raptor)","No","Yes","No","Others"
"22","Canis_lupus_familiaris2","+ 30 years old",1276.5,11,"Canis_lupus_familiaris","Mammal","Canidae","No","Yes","Yes","Canidae"
"23","Choloepus_didactylus3","- 30 years old",1193.9,12,"Choloepus_didactylus","Mammal","Xenarthra","No","No","No","Others"
"24","Ara_chloropterus","+ 30 years old",1197.4,12,"Ara_chloropterus","Bird","Bird (not Raptor)","No","No","No","Others"
"25","Ara_chloropterus","- 30 years old",1232.1,13,"Ara_chloropterus","Bird","Bird (not Raptor)","No","No","No","Others"
"26","Loris_tardigradus","+ 30 years old",1182.2,13,"Loris_tardigradus","Mammal","Primate","No","No","No","Primate"
"27","Ailurus_fulgens","- 30 years old",1193.8,14,"Ailurus_fulgens","Mammal","Ursus","No","No","No","Ursus"
"28","Myocastor_coypus","+ 30 years old",1268.2,14,"Myocastor_coypus","Mammal","Rodent","No","No","No","Others"
"29","Loris_tardigradus","- 30 years old",1249.5,15,"Loris_tardigradus","Mammal","Primate","No","No","No","Primate"
"30","Aonyx_cinereus2","+ 30 years old",1215.8,15,"Aonyx_cinereus","Mammal","Mustelidae","No","Yes","No","Others"
"31","Equus_caballus","- 30 years old",1241.2,16,"Equus_caballus","Mammal","Ungulate","No","No","No","Others"
"32","Equus_caballus","+ 30 years old",1257.1,16,"Equus_caballus","Mammal","Ungulate","No","No","No","Others"
"33","Ara_ararauna","- 30 years old",1247.6,17,"Ara_ararauna","Bird","Bird (not Raptor)","No","No","No","Others"
"34","Spheniscus_humboldti","+ 30 years old",1203,17,"Spheniscus_humboldti","Bird","Bird (not Raptor)","No","Yes","No","Others"
"35","Chelonoidis_porteri","- 30 years old",1248.1,18,"Chelonoidis_porteri","Squamata","Tortoise","No","No","No","Others"
"36","Ailurus_fulgens","+ 30 years old",1221.1,18,"Ailurus_fulgens","Mammal","Ursus","No","No","No","Ursus"
"37","Choloepus_didactylus2","- 30 years old",1238.7,19,"Choloepus_didactylus","Mammal","Xenarthra","No","No","No","Others"
"38","Bubo_scandiacus","+ 30 years old",1268.1,19,"Bubo_scandiacus","Bird","Raptor","No","No","No","Raptor"
"39","Rhinopithecus_roxellana","- 30 years old",1286.7,20,"Rhinopithecus_roxellana","Mammal","Primate","No","No","No","Primate"
"40","Choloepus_didactylus","+ 30 years old",1261.2,20,"Choloepus_didactylus","Mammal","Xenarthra","No","No","No","Others"
"41","Aonyx_cinereus2","- 30 years old",1263.4,21,"Aonyx_cinereus","Mammal","Mustelidae","No","Yes","No","Others"
"42","Vicugna_pacos","+ 30 years old",1385.5,21,"Vicugna_pacos","Mammal","Ungulate","No","No","No","Others"
"43","Suricata_suricatta","- 30 years old",1225.5,22,"Suricata_suricatta","Mammal","Mongoose","No","Yes","No","Others"
"44","Athene_noctua2","+ 30 years old",1232.6,22,"Athene_noctua","Bird","Bird (not Raptor)","No","Yes","No","Others"
"45","Athene_noctua","- 30 years old",1224.4,23,"Athene_noctua","Bird","Bird (not Raptor)","No","Yes","No","Others"
"46","Eudyptes chrysolophus","+ 30 years old",1206.9,23,"Eudyptes_chrysolophus","Bird","Bird (not Raptor)","No","Yes","No","Others"
"47","Tauraco_leucotis","- 30 years old",1223.4,24,"Tauraco_leucotis","Bird","Bird (not Raptor)","No","No","No","Others"
"48","Choloepus_didactylus2","+ 30 years old",1205.7,24,"Choloepus_didactylus","Mammal","Xenarthra","No","No","No","Others"
"49","Ateles_paniscus","- 30 years old",1225.6,25,"Ateles_paniscus","Mammal","Primate","No","No","No","Primate"
"50","Columba_livia","+ 30 years old",1294.1,25,"Columba_livia","Bird","Bird (not Raptor)","No","No","No","Others"
"51","Aonyx_cinereus","- 30 years old",1229.5,26,"Aonyx_cinereus","Mammal","Mustelidae","No","Yes","No","Others"
"52","Giraffa_camelopardalis_reticulata","+ 30 years old",1230.2,26,"Giraffa_camelopardalis_reticulata","Mammal","Ungulate","No","No","No","Others"
"53","Giraffa_camelopardalis_reticulata","- 30 years old",1300.4,27,"Giraffa_camelopardalis_reticulata","Mammal","Ungulate","No","No","No","Others"
"54","Aonyx_cinereus","+ 30 years old",1202.3,27,"Aonyx_cinereus","Mammal","Mustelidae","No","Yes","No","Others"
"55","Propithecus_coquereli","- 30 years old",1331.6,28,"Propithecus_coquereli","Mammal","Primate","No","No","No","Primate"
"56","Bubo_bubo","+ 30 years old",1247,28,"Bubo_bubo","Bird","Raptor","No","Yes","No","Raptor"
"57","Vicugna_pacos2","- 30 years old",1343.2,29,"Vicugna_pacos","Mammal","Ungulate","No","No","No","Others"
"58","Aepyceros_melampus2","+ 30 years old",1222.5,29,"Aepyceros_melampus","Mammal","Ungulate","No","No","No","Others"
"59","Psittacus_erithacus","- 30 years old",1276.2,30,"Psittacus_erithacus","Bird","Bird (not Raptor)","No","No","No","Others"
"60","Haematopus_ater","+ 30 years old",1254.9,30,"Haematopus_ater","Bird","Bird (not Raptor)","No","Yes","No","Others"
"61","Bubo_bubo2","- 30 years old",1260.4,31,"Bubo_bubo","Bird","Raptor","No","Yes","No","Raptor"
"62","Chelonoidis_porteri","+ 30 years old",1254.1,31,"Chelonoidis_porteri","Squamata","Tortoise","No","No","No","Others"
"63","Asio_flammeus","- 30 years old",1276.6,32,"Asio_flammeus","Bird","Raptor","No","Yes","No","Raptor"
"64","Eulemur _coronatus2","+ 30 years old",1305,32,"Eulemur_coronatus","Mammal","Primate","No","No","No","Primate"
"65","Propithecus_verreauxi","- 30 years old",1318.7,33,"Propithecus_verreauxi","Mammal","Primate","No","No","No","Primate"
"66","Ara_ararauna","+ 30 years old",1234.4,33,"Ara_ararauna","Bird","Bird (not Raptor)","No","No","No","Others"
"67","Vicugna_pacos","- 30 years old",1386.1,34,"Vicugna_pacos","Mammal","Ungulate","No","No","No","Others"
"68","Vulpes_zerda","+ 30 years old",1296.4,34,"Vulpes_zerda","Mammal","Canidae","No","Yes","No","Canidae"
"69","Eudyptes chrysolophus","- 30 years old",1328.8,35,"Eudyptes_chrysolophus","Bird","Bird (not Raptor)","No","Yes","No","Others"
"70","Rhinopithecus_roxellana","+ 30 years old",1292.8,35,"Rhinopithecus_roxellana","Mammal","Primate","No","No","No","Primate"
"71","Ailuropoda_melanoleuca","- 30 years old",1269.4,36,"Ailuropoda_melanoleuca","Mammal","Ursus","No","No","No","Ursus"
"72","Athene_noctua","+ 30 years old",1262.4,36,"Athene_noctua","Bird","Bird (not Raptor)","No","Yes","No","Others"
"73","Choloepus_didactylus","- 30 years old",1283.5,37,"Choloepus_didactylus","Mammal","Xenarthra","No","No","No","Others"
"74","Bubo_bubo2","+ 30 years old",1212.7,37,"Bubo_bubo","Bird","Raptor","No","Yes","No","Raptor"
"75","Bubo_bubo","- 30 years old",1253.5,38,"Bubo_bubo","Bird","Raptor","No","Yes","No","Raptor"
"76","Eudyptes_chrysocome","+ 30 years old",1331.9,38,"Eudyptes_chrysocome","Bird","Bird (not Raptor)","No","Yes","No","Others"
"77","Hylobates_agilis","- 30 years old",1351.5,39,"Hylobates_agilis","Mammal","Primate","No","No","No","Primate"
"78","Propithecus_verreauxi","+ 30 years old",1366.4,39,"Propithecus_verreauxi","Mammal","Primate","No","No","No","Primate"
"79","Arctocephalus_forsteri2","- 30 years old",1284.6,40,"Arctocephalus_forsteri","Mammal","Sea lion","No","Yes","No","Others"
"80","Choloepus_didactylus3","+ 30 years old",1345,40,"Choloepus_didactylus","Mammal","Xenarthra","No","No","No","Others"
"81","Aepyceros_melampus2","- 30 years old",1290.9,41,"Aepyceros_melampus","Mammal","Ungulate","No","No","No","Others"
"82","Litoria_infrafrenata","+ 30 years old",1348.1,41,"Litoria_infrafrenata","Squamata","Amphibia","No","Yes","No","Others"
"83","Columba_livia","- 30 years old",1305,42,"Columba_livia","Bird","Bird (not Raptor)","No","No","No","Others"
"84","Propithecus_coquereli","+ 30 years old",1303.5,42,"Propithecus_coquereli","Mammal","Primate","No","No","No","Primate"
"85","Vulpes_zerda","- 30 years old",1275.5,43,"Vulpes_zerda","Mammal","Canidae","No","Yes","No","Canidae"
"86","Ailurops_ursinus","+ 30 years old",1345.4,43,"Ailurops_ursinus","Mammal","Marsupial","No","No","No","Others"
"87","Bubo_scandiacus","- 30 years old",1330,44,"Bubo_scandiacus","Bird","Raptor","No","No","No","Raptor"
"88","Nestor_meridionalis","+ 30 years old",1302.2,44,"Nestor_meridionalis","Bird","Bird (not Raptor)","No","No","No","Others"
"89","Lemur_catta","- 30 years old",1268.1,45,"Lemur_catta","Mammal","Primate","No","Yes","No","Primate"
"90","Ateles_paniscus","+ 30 years old",1310.4,45,"Ateles_paniscus","Mammal","Primate","No","No","No","Primate"
"91","Litoria_infrafrenata","- 30 years old",1403.2,46,"Litoria_infrafrenata","Squamata","Amphibia","No","Yes","No","Others"
"92","Lemur_catta","+ 30 years old",1320.7,46,"Lemur_catta","Mammal","Primate","No","Yes","No","Primate"
"93","Myocastor_coypus","- 30 years old",1273.5,47,"Myocastor_coypus","Mammal","Rodent","No","No","No","Others"
"94","Chroicocephalus_scopulinus","+ 30 years old",1295.7,47,"Chroicocephalus_scopulinus","Bird","Bird (not Raptor)","No","Yes","No","Others"
"95","Cerdocyon_thous","- 30 years old",1373.2,48,"Cerdocyon_thous","Mammal","Canidae","Yes","Yes","No","Canidae"
"96","Pan_troglodytes2","+ 30 years old",1308.7,48,"Pan_troglodytes","Mammal","Primate","Yes","No","Yes","Primate"
"97","Rattus_norvegicus","- 30 years old",1277.1,49,"Rattus_norvegicus","Mammal","Rodent","No","No","No","Others"
"98","Psittacus_erithacus","+ 30 years old",1286.9,49,"Psittacus_erithacus","Bird","Bird (not Raptor)","No","No","No","Others"
"99","Pan_troglodytes2","- 30 years old",1323.3,50,"Pan_troglodytes","Mammal","Primate","Yes","No","Yes","Primate"
"100","Athene_noctua3","+ 30 years old",1285.5,50,"Athene_noctua","Bird","Bird (not Raptor)","No","Yes","No","Others"
"101","Callithrix_penicillata","- 30 years old",1404.9,51,"Callithrix_penicillata","Mammal","Primate","No","No","No","Primate"
"102","Tapirus_indicus","+ 30 years old",1326.8,51,"Tapirus_indicus","Mammal","Ungulate","No","No","No","Others"
"103","Callithrix_argentata","- 30 years old",1345.5,52,"Callithrix_argentata","Mammal","Primate","No","No","No","Primate"
"104","Taricha_torosa","+ 30 years old",1400.9,52,"Taricha_torosa","Squamata","Amphibia","No","Yes","No","Others"
"105","Nasua_nasua","- 30 years old",1349.7,53,"Nasua_nasua","Mammal","Procyonide","No","No","No","Others"
"106","Suricata_suricatta","+ 30 years old",1342.5,53,"Suricata_suricatta","Mammal","Mongoose","No","Yes","No","Others"
"107","Tapirus_indicus","- 30 years old",1382.3,54,"Tapirus_indicus","Mammal","Ungulate","No","No","No","Others"
"108","Eulemur _coronatus","+ 30 years old",1422.7,54,"Eulemur_coronatus","Mammal","Primate","No","No","No","Primate"
"109","Miopithecus_ogouensis","- 30 years old",1357.1,55,"Miopithecus_ogouensis","Mammal","Primate","No","No","No","Primate"
"110","Nasua_nasua","+ 30 years old",1323.3,55,"Nasua_nasua","Mammal","Procyonide","No","No","No","Others"
"111","Athene_noctua2","- 30 years old",1353.8,56,"Athene_noctua","Bird","Bird (not Raptor)","No","Yes","No","Others"
"112","Hylobates_agilis","+ 30 years old",1361.9,56,"Hylobates_agilis","Mammal","Primate","No","No","No","Primate"
"113","Dasypus_novemcinctus","- 30 years old",1330.6,57,"Dasypus_novemcinctus","Mammal","Xenarthra","No","No","No","Others"
"114","Agalychnis_callidryas","+ 30 years old",1426.2,57,"Agalychnis_callidryas","Squamata","Amphibia","No","Yes","No","Others"
"115","Procyon_lotor","- 30 years old",1360.9,58,"Procyon_lotor","Mammal","Procyonide","No","Yes","No","Others"
"116","Aepyceros_melampus","+ 30 years old",1391.3,58,"Aepyceros_melampus","Mammal","Ungulate","No","No","No","Others"
"117","Ailurops_ursinus","- 30 years old",1307.7,59,"Ailurops_ursinus","Mammal","Marsupial","No","No","No","Others"
"118","Lemur_catta2","+ 30 years old",1329.1,59,"Lemur_catta","Mammal","Primate","No","Yes","No","Primate"
"119","Pogona_vitticeps","- 30 years old",1391.5,60,"Pogona_vitticeps","Squamata","Lizard","No","Yes","No","Others"
"120","Macropus_rufogriseus","+ 30 years old",1377.7,60,"Macropus_rufogriseus","Mammal","Marsupial","No","No","No","Others"
"121","Eudyptes_chrysocome","- 30 years old",1366,61,"Eudyptes_chrysocome","Bird","Bird (not Raptor)","No","Yes","No","Others"
"122","Pan_paniscus4","+ 30 years old",1331.9,61,"Pan_panisucs","Mammal","Primate","No","Yes","No","Primate"
"123","Lemur_catta2","- 30 years old",1352.3,62,"Lemur_catta","Mammal","Primate","No","Yes","No","Primate"
"124","Ailuropoda_melanoleuca","+ 30 years old",1315.3,62,"Ailuropoda_melanoleuca","Mammal","Ursus","No","No","No","Ursus"
"125","Macropus_rufogriseus","- 30 years old",1386,63,"Macropus_rufogriseus","Mammal","Marsupial","No","No","No","Others"
"126","Vicugna_pacos2","+ 30 years old",1327.8,63,"Vicugna_pacos","Mammal","Ungulate","No","No","No","Others"
"127","Nyctereutes_procyonoides","- 30 years old",1390.6,64,"Nyctereutes_procyonoides","Mammal","Canidae","No","Yes","No","Canidae"
"128","Didelphis_virginiana","+ 30 years old",1375.4,64,"Didelphis_virginiana","Mammal","Marsupial","No","No","No","Others"
"129","Athene_noctua3","- 30 years old",1415.9,65,"Athene_noctua","Bird","Bird (not Raptor)","No","Yes","No","Others"
"130","Miopithecus_ogouensis","+ 30 years old",1376.9,65,"Miopithecus_ogouensis","Mammal","Primate","No","No","No","Primate"
"131","Nestor_meridionalis","- 30 years old",1336.8,66,"Nestor_meridionalis","Bird","Bird (not Raptor)","No","No","No","Others"
"132","Pteropus_conspicillatus","+ 30 years old",1360,66,"Pteropus_conspicillatus","Mammal","Chiroptera","No","No","No","Others"
"133","Aepyceros_melampus","- 30 years old",1378,67,"Aepyceros_melampus","Mammal","Ungulate","No","No","No","Others"
"134","Procyon_lotor","+ 30 years old",1395.1,67,"Procyon_lotor","Mammal","Procyonide","No","Yes","No","Others"
"135","Gulo_gulo","- 30 years old",1457.2,68,"Gulo_gulo","Mammal","Mustelidae","No","Yes","No","Others"
"136","Pan_paniscus2","+ 30 years old",1411.2,68,"Pan_panisucs","Mammal","Primate","No","Yes","No","Primate"
"137","Eulemur _coronatus2","- 30 years old",1438.4,69,"Eulemur_coronatus","Mammal","Primate","No","No","No","Primate"
"138","Arctocephalus_forsteri2","+ 30 years old",1382.1,69,"Arctocephalus_forsteri","Mammal","Sea lion","No","Yes","No","Others"
"139","Chroicocephalus_scopulinus","- 30 years old",1374.3,70,"Chroicocephalus_scopulinus","Bird","Bird (not Raptor)","No","Yes","No","Others"
"140","Varecia_rubra","+ 30 years old",1409.9,70,"Varecia_rubra","Mammal","Primate","No","No","No","Primate"
"141","Agalychnis_callidryas","- 30 years old",1404.7,71,"Agalychnis_callidryas","Squamata","Amphibia","No","Yes","No","Others"
"142","Asio_flammeus","+ 30 years old",1314.7,71,"Asio_flammeus","Bird","Raptor","No","Yes","No","Raptor"
"143","Leptailurus_serval","- 30 years old",1424.9,72,"Leptailurus_serval","Mammal","Felidae","No","Yes","No","Felidae"
"144","Dasypus_novemcinctus","+ 30 years old",1426,72,"Dasypus_novemcinctus","Mammal","Xenarthra","No","No","No","Others"
"145","Felis_catus","- 30 years old",1379.3,73,"Felis_catus","Mammal","Felidae","No","Yes","No","Felidae"
"146","Callithrix_penicillata","+ 30 years old",1469.3,73,"Callithrix_penicillata","Mammal","Primate","No","No","No","Primate"
"147","Pan_paniscus3","- 30 years old",1412.8,74,"Pan_panisucs","Mammal","Primate","No","Yes","No","Primate"
"148","Sula_sula","+ 30 years old",1407.4,74,"Sula_sula","Bird","Bird (not Raptor)","No","Yes","No","Others"
"149","Pan_paniscus4","- 30 years old",1367.6,75,"Pan_panisucs","Mammal","Primate","No","Yes","No","Primate"
"150","Rhyticeros_cassidix","+ 30 years old",1385.9,75,"Rhyticeros_cassidix","Bird","Bird (not Raptor)","No","No","No","Others"
"151","Pteropus_conspicillatus","- 30 years old",1439.3,76,"Pteropus_conspicillatus","Mammal","Chiroptera","No","No","No","Others"
"152","Pan_paniscus3","+ 30 years old",1445.8,76,"Pan_panisucs","Mammal","Primate","No","Yes","No","Primate"
"153","Carlito_syrichta","- 30 years old",1417.7,77,"Carlito_syrichta","Mammal","Primate","No","Yes","No","Primate"
"154","Romalea_microptera","+ 30 years old",1383.1,77,"Romalea_microptera","Insect","Orthoptere","No","No","No","Others"
"155","Varecia_variegata","- 30 years old",1469.1,78,"Varecia_variegata","Mammal","Primate","No","No","No","Primate"
"156","Felis_catus","+ 30 years old",1329,78,"Felis_catus","Mammal","Felidae","No","Yes","No","Felidae"
"157","Sula_sula","- 30 years old",1414.4,79,"Sula_sula","Bird","Bird (not Raptor)","No","Yes","No","Others"
"158","Gypaetus_barbatus","+ 30 years old",1462,79,"Gypaetus_barbatus","Bird","Raptor","No","Yes","No","Raptor"
"159","Loxodonta_africana","- 30 years old",1386.2,80,"Loxodonta_africana","Mammal","Ungulate","No","No","Yes","Others"
"160","Varecia_variegata","+ 30 years old",1382.1,80,"Varecia_variegata","Mammal","Primate","No","No","No","Primate"
"161","Haematopus_ater","- 30 years old",1420,81,"Haematopus_ater","Bird","Bird (not Raptor)","No","Yes","No","Others"
"162","Nasua_narica","+ 30 years old",1389.5,81,"Nasua_narica","Mammal","Procyonide","No","No","No","Others"
"163","Harpia_Harpyja","- 30 years old",1479.2,82,"Harpia_Harpyja","Bird","Raptor","Yes","No","No","Raptor"
"164","Carlito_syrichta","+ 30 years old",1405.9,82,"Carlito_syrichta","Mammal","Primate","No","Yes","No","Primate"
"165","Incilius_alvarius2","- 30 years old",1480.3,83,"Incilius_alvarius","Squamata","Amphibia","No","Yes","No","Others"
"166","Trichosurus_vulpecula","+ 30 years old",1432.7,83,"Trichosurus_vulpecula","Mammal","Marsupial","No","No","No","Others"
"167","Eulemur _coronatus","- 30 years old",1413.9,84,"Eulemur_coronatus","Mammal","Primate","No","No","No","Primate"
"168","Numida_meleagris","+ 30 years old",1481,84,"Numida_meleagris","Bird","Bird (not Raptor)","No","No","No","Others"
"169","Corvus2","- 30 years old",1451.3,85,"Corvus","Bird","Bird (not Raptor)","No","No","No","Others"
"170","Euphractus _sexcinctus","+ 30 years old",1454.8,85,"Euphractus_sexcinctus","Mammal","Xenarthra","No","No","No","Others"
"171","Sula_nebouxii","- 30 years old",1456.4,86,"Sula_nebouxii","Bird","Bird (not Raptor)","No","Yes","No","Others"
"172","Callithrix_argentata","+ 30 years old",1424.8,86,"Callithrix_argentata","Mammal","Primate","No","No","No","Primate"
"173","Numida_meleagris","- 30 years old",1584.7,87,"Numida_meleagris","Bird","Bird (not Raptor)","No","No","No","Others"
"174","Corvus2","+ 30 years old",1363.1,87,"Corvus","Bird","Bird (not Raptor)","No","No","No","Others"
"175","Euphractus _sexcinctus","- 30 years old",1420.9,88,"Euphractus_sexcinctus","Mammal","Xenarthra","No","No","No","Others"
"176","Incilius_alvarius2","+ 30 years old",1431.2,88,"Incilius_alvarius","Squamata","Amphibia","No","Yes","No","Others"
"177","Romalea_microptera","- 30 years old",1473.4,89,"Romalea_microptera","Insect","Orthoptere","No","No","No","Others"
"178","Bufonidae","+ 30 years old",1475.5,89,"Bufonidae","Squamata","Amphibia","No","Yes","No","Others"
"179","Varecia_rubra","- 30 years old",1464.2,90,"Varecia_rubra","Mammal","Primate","No","No","No","Primate"
"180","Rattus_norvegicus","+ 30 years old",1384,90,"Rattus_norvegicus","Mammal","Rodent","No","No","No","Others"
"181","Taricha_torosa","- 30 years old",1489.8,91,"Taricha_torosa","Squamata","Amphibia","No","Yes","No","Others"
"182","Cynictis_penicillata","+ 30 years old",1452.5,91,"Cynictis_penicillata","Mammal","Mongoose","No","Yes","No","Others"
"183","Pan_paniscus","- 30 years old",1438.5,92,"Pan_panisucs","Mammal","Primate","No","Yes","No","Primate"
"184","Leopardus_wiedii","+ 30 years old",1452.1,92,"Leopardus_wiedii","Mammal","Felidae","No","No","No","Felidae"
"185","Otocolobus_manul","- 30 years old",1502,93,"Otocolobus_manul","Mammal","Felidae","No","Yes","No","Felidae"
"186","Pan_paniscus","+ 30 years old",1428.9,93,"Pan_panisucs","Mammal","Primate","No","Yes","No","Primate"
"187","Corvus","- 30 years old",1471.2,94,"Corvus","Bird","Bird (not Raptor)","No","No","No","Others"
"188","Porphyrio_hochstetteri","+ 30 years old",1414.1,94,"Porphyrio_hochstetteri","Bird","Bird (not Raptor)","No","No","No","Others"
"189","Didelphis_virginiana","- 30 years old",1555.9,95,"Didelphis_virginiana","Mammal","Marsupial","No","No","No","Others"
"190","Cairina_moschata","+ 30 years old",1489.2,95,"Cairina_moschata","Bird","Bird (not Raptor)","No","Yes","No","Others"
"191","Rhyticeros_cassidix","- 30 years old",1486.2,96,"Rhyticeros_cassidix","Bird","Bird (not Raptor)","No","No","No","Others"
"192","Cerdocyon_thous","+ 30 years old",1348.8,96,"Cerdocyon_thous","Mammal","Canidae","Yes","Yes","No","Canidae"
"193","Pardofelis_temminckii","- 30 years old",1533.7,97,"Pardofelis_temminckii","Mammal","Felidae","Yes","Yes","No","Felidae"
"194","Gypaetus_barbatus2","+ 30 years old",1521,97,"Gypaetus_barbatus","Bird","Raptor","No","Yes","No","Raptor"
"195","Canis_lupus_familiaris","- 30 years old",1449.6,98,"Canis_lupus_familiaris","Mammal","Canidae","No","Yes","Yes","Canidae"
"196","Strophurus","+ 30 years old",1495.3,98,"Strophurus_","Squamata","Lizard","No","Yes","No","Others"
"197","Incilius_alvarius","- 30 years old",1460.2,99,"Incilius_alvarius","Squamata","Amphibia","No","Yes","No","Others"
"198","Incilius_alvarius","+ 30 years old",1441.6,99,"Incilius_alvarius","Squamata","Amphibia","No","Yes","No","Others"
"199","Nasua_narica","- 30 years old",1426.9,100,"Nasua_narica","Mammal","Procyonide","No","No","No","Others"
"200","Nyctereutes_procyonoides","+ 30 years old",1383.7,100,"Nyctereutes_procyonoides","Mammal","Canidae","No","Yes","No","Canidae"
"201","Mungos_mungo","- 30 years old",1510.8,101,"Mungos_mungo","Mammal","Mongoose","No","Yes","No","Others"
"202","Thalassarche_cauta","+ 30 years old",1510,101,"Thalassarche_cauta","Bird","Bird (not Raptor)","No","No","No","Others"
"203","Aquila_chrysaetos","- 30 years old",1533.2,102,"Aquila_chrysaetos","Bird","Raptor","No","No","No","Raptor"
"204","Hemicentetes_semispinosus","+ 30 years old",1478.3,102,"Hemicentetes_semispinosus","Mammal","Tenrecidae","No","No","No","Others"
"205","Pan_paniscus2","- 30 years old",1504.3,103,"Pan_panisucs","Mammal","Primate","No","Yes","No","Primate"
"206","Leptailurus_serval","+ 30 years old",1520.5,103,"Leptailurus_serval","Mammal","Felidae","No","Yes","No","Felidae"
"207","Libellula_quadrimaculata","- 30 years old",1518.7,104,"Libellula_quadrimaculata","Insect","Odonata","No","Yes","No","Others"
"208","Sula_nebouxii","+ 30 years old",1444.1,104,"Sula_nebouxii","Bird","Bird (not Raptor)","No","Yes","No","Others"
"209","Cryptoprocto _ferox","- 30 years old",1471.6,105,"Cryptoprocto_ferox","Mammal","Felidae","Yes","No","No","Felidae"
"210","Otocolobus_manul","+ 30 years old",1491.2,105,"Otocolobus_manul","Mammal","Felidae","No","Yes","No","Felidae"
"211","Ateles_hybridus","- 30 years old",1617.6,106,"Ateles_hybridus","Mammal","Primate","No","No","No","Primate"
"212","Arctocephalus forsteri","+ 30 years old",1489.2,106,"Arctocephalus_forsteri","Mammal","Sea lion","No","Yes","No","Others"
"213","Leopardus_wiedii","- 30 years old",1430.3,107,"Leopardus_wiedii","Mammal","Felidae","No","No","No","Felidae"
"214","Buteo_galapagoensis","+ 30 years old",1524.8,107,"Buteo_galapagoensis","Bird","Raptor","No","Yes","No","Raptor"
"215","Porphyrio_hochstetteri","- 30 years old",1542.2,108,"Porphyrio_hochstetteri","Bird","Bird (not Raptor)","No","No","No","Others"
"216","Papillon","+ 30 years old",1477.1,108,"Papillon","Insect","Lepidoptera","No","No","No","Others"
"217","Calliphora_vomitoria","- 30 years old",1577,109,"Calliphora_vomitoria","Insect","Diptera","No","No","No","Others"
"218","Aquila_chrysaetos","+ 30 years old",1511.2,109,"Aquila_chrysaetos","Bird","Raptor","No","No","No","Raptor"
"219","Pamphagidae","- 30 years old",1480.9,110,"Pamphagidae","Insect","Orthoptere","No","No","No","Others"
"220","Pogona_vitticeps","+ 30 years old",1524.1,110,"Pogona_vitticeps","Squamata","Lizard","No","Yes","No","Others"
"221","Leptoptilos_crumenifer","- 30 years old",1512.2,111,"Leptoptilos_crumenifer","Bird","Bird (not Raptor)","No","No","No","Others"
"222","Harpia_Harpyja","+ 30 years old",1458.4,111,"Harpia_Harpyja","Bird","Raptor","Yes","No","No","Raptor"
"223","Cynictis_penicillata","- 30 years old",1518.8,112,"Cynictis_penicillata","Mammal","Mongoose","No","Yes","No","Others"
"224","Cryptoprocto _ferox","+ 30 years old",1516.1,112,"Cryptoprocto_ferox","Mammal","Felidae","Yes","No","No","Felidae"
"225","Macaca_fuscata","- 30 years old",1512.8,113,"Macaca_fuscata","Mammal","Primate","No","Yes","No","Primate"
"226","Saiga_tatarica","+ 30 years old",1456.2,113,"Saiga_tatarica","Mammal","Ungulate","No","No","No","Others"
"227","Thalassarche_cauta","- 30 years old",1569.7,114,"Thalassarche_cauta","Bird","Bird (not Raptor)","No","No","No","Others"
"228","Loxodonta_africana","+ 30 years old",1544.8,114,"Loxodonta_africana","Mammal","Ungulate","No","No","Yes","Others"
"229","Pithecia pithecia2","- 30 years old",1513.7,115,"Pithecia_pithecia","Mammal","Primate","No","No","No","Primate"
"230","Acryllium_vulturinum","+ 30 years old",1480.8,115,"Acryllium_vulturinum","Bird","Bird (not Raptor)","No","No","No","Others"
"231","Ursus_maritimus","- 30 years old",1579.5,116,"Ursus_maritimus","Mammal","Ursus","Yes","No","Yes","Ursus"
"232","Spalax","+ 30 years old",1513.6,116,"Spalax","Mammal","Rodent","No","No","No","Others"
"233","Buteo_galapagoensis","- 30 years old",1549.5,117,"Buteo_galapagoensis","Bird","Raptor","No","Yes","No","Raptor"
"234","Gyps_rueppelli","+ 30 years old",1512.4,117,"Gyps_rueppelli","Bird","Raptor","No","No","No","Raptor"
"235","Arctocephalus forsteri","- 30 years old",1439.8,118,"Arctocephalus_forsteri","Mammal","Sea lion","No","Yes","No","Others"
"236","Gulo_gulo2","+ 30 years old",1617.2,118,"Gulo_gulo","Mammal","Mustelidae","No","Yes","No","Others"
"237","Saiga_tatarica","- 30 years old",1471.7,119,"Saiga_tatarica","Mammal","Ungulate","No","No","No","Others"
"238","Mungos_mungo","+ 30 years old",1542.9,119,"Mungos_mungo","Mammal","Mongoose","No","Yes","No","Others"
"239","Papillon","- 30 years old",1581.3,120,"Papillon","Insect","Lepidoptera","No","No","No","Others"
"240","Stephanoaetus_coronatus","+ 30 years old",1487.8,120,"Stephanoaetus_coronatus","Bird","Raptor","Yes","No","No","Raptor"
"241","Cairina_moschata","- 30 years old",1517.3,121,"Cairina_moschata","Bird","Bird (not Raptor)","No","Yes","No","Others"
"242","Pamphagidae","+ 30 years old",1517.3,121,"Pamphagidae","Insect","Orthoptere","No","No","No","Others"
"243","Pithecia pithecia","- 30 years old",1549.8,122,"Pithecia_pithecia","Mammal","Primate","No","No","No","Primate"
"244","Necrosyrtes_monachus","+ 30 years old",1488.5,122,"Necrosyrtes_monachus","Bird","Raptor","No","No","No","Raptor"
"245","Gypaetus_barbatus","- 30 years old",1457.6,123,"Gypaetus_barbatus","Bird","Raptor","No","Yes","No","Raptor"
"246","Balaeniceps_rex","+ 30 years old",1465.4,123,"Balaeniceps_rex","Bird","Bird (not Raptor)","No","No","No","Others"
"247","Macronectes_halli","- 30 years old",1548.4,124,"Macronectes_halli","Bird","Bird (not Raptor)","No","No","No","Others"
"248","Pan_troglodytes","+ 30 years old",1487.1,124,"Pan_troglodytes","Mammal","Primate","Yes","No","Yes","Primate"
"249","Gulo_gulo2","- 30 years old",1595.7,125,"Gulo_gulo","Mammal","Mustelidae","No","Yes","No","Others"
"250","Macaca_silenus","+ 30 years old",1524.8,125,"Macaca_silenus","Mammal","Primate","No","Yes","No","Primate"
"251","Strophurus","- 30 years old",1580.2,126,"Strophurus_","Squamata","Lizard","No","Yes","No","Others"
"252","Gulo_gulo","+ 30 years old",1521.9,126,"Gulo_gulo","Mammal","Mustelidae","No","Yes","No","Others"
"253","Sarcophilus_harrisii","- 30 years old",1557.4,127,"Sarcophilus_harrisii","Mammal","Marsupial","No","Yes","No","Others"
"254","Leptoptilos_crumenifer","+ 30 years old",1528.2,127,"Leptoptilos_crumenifer","Bird","Bird (not Raptor)","No","No","No","Others"
"255","Stephanoaetus_coronatus","- 30 years old",1550.4,128,"Stephanoaetus_coronatus","Bird","Raptor","Yes","No","No","Raptor"
"256","Canis_lupus_familiaris","+ 30 years old",1507.1,128,"Canis_lupus_familiaris","Mammal","Canidae","No","Yes","Yes","Canidae"
"257","Trichosurus_vulpecula","- 30 years old",1480.8,129,"Trichosurus_vulpecula","Mammal","Marsupial","No","No","No","Others"
"258","Corvus","+ 30 years old",1483.2,129,"Corvus","Bird","Bird (not Raptor)","No","No","No","Others"
"259","Spalax","- 30 years old",1573.6,130,"Spalax","Mammal","Rodent","No","No","No","Others"
"260","Gymnogyps_californianus","+ 30 years old",1529,130,"Gymnogyps_californianus","Bird","Raptor","No","No","No","Raptor"
"261","Necrosyrtes_monachus","- 30 years old",1491.8,131,"Necrosyrtes_monachus","Bird","Raptor","No","No","No","Raptor"
"262","Plathyrrhinus_fusciventris","+ 30 years old",1531.4,131,"Platyrrhinus_fusciventris","Mammal","Chiroptera","No","No","No","Others"
"263","Odonata","- 30 years old",1548.1,132,"Odonata","Insect","Odonata","No","Yes","No","Others"
"264","Pithecia pithecia2","+ 30 years old",1566.8,132,"Pithecia_pithecia","Mammal","Primate","No","No","No","Primate"
"265","Lynx_rufus2","- 30 years old",1572.2,133,"Lynx_rufus","Mammal","Felidae","No","Yes","No","Felidae"
"266","Iguana_iguana2","+ 30 years old",1536.4,133,"Iguana_iguana","Squamata","Lizard","No","No","No","Others"
"267","Plathyrrhinus_fusciventris","- 30 years old",1531.4,134,"Platyrrhinus_fusciventris","Mammal","Chiroptera","No","No","No","Others"
"268","Pithecia pithecia","+ 30 years old",1512.5,134,"Pithecia_pithecia","Mammal","Primate","No","No","No","Primate"
"269","Bufonidae","- 30 years old",1499.8,135,"Bufonidae","Squamata","Amphibia","No","Yes","No","Others"
"270","Macaca_fuscata","+ 30 years old",1553.4,135,"Macaca_fuscata","Mammal","Primate","No","Yes","No","Primate"
"271","Gypaetus_barbatus2","- 30 years old",1572.6,136,"Gypaetus_barbatus","Bird","Raptor","No","Yes","No","Raptor"
"272","Tockus_flavirostris","+ 30 years old",1473.4,136,"Tockus_flavirostris","Bird","Bird (not Raptor)","No","No","No","Others"
"273","Artibeus_planirostris","- 30 years old",1539.5,137,"Artibeus_planirostris","Mammal","Chiroptera","No","No","No","Others"
"274","Odonata2","+ 30 years old",1488.4,137,"Odonata","Insect","Odonata","No","Yes","No","Others"
"275","Iguana_iguana2","- 30 years old",1622.7,138,"Iguana_iguana","Squamata","Lizard","No","No","No","Others"
"276","Odonata","+ 30 years old",1524.6,138,"Odonata","Insect","Odonata","No","Yes","No","Others"
"277","Pan_troglodytes","- 30 years old",1552.7,139,"Pan_troglodytes","Mammal","Primate","Yes","No","Yes","Primate"
"278","Hyles_euphorbiae","+ 30 years old",1554.6,139,"Hyles_euphorbiae","Insect","Lepidoptera","No","No","No","Others"
"279","Macaca_silenus","- 30 years old",1535.9,140,"Macaca_silenus","Mammal","Primate","No","Yes","No","Primate"
"280","Pardofelis_temminckii","+ 30 years old",1591.3,140,"Pardofelis_temminckii","Mammal","Felidae","Yes","Yes","No","Felidae"
"281","Acryllium_vulturinum","- 30 years old",1611.9,141,"Acryllium_vulturinum","Bird","Bird (not Raptor)","No","No","No","Others"
"282","Daubentonia_madagascariensis","+ 30 years old",1598.3,141,"Daubentonia_madagascariensis","Mammal","Primate","No","No","No","Primate"
"283","Iguana_iguana","- 30 years old",1536.3,142,"Iguana_iguana","Squamata","Lizard","No","No","No","Others"
"284","Geronticus_eremita","+ 30 years old",1540,142,"Geronticus_eremita","Bird","Bird (not Raptor)","No","Yes","No","Others"
"285","Intellagama_lesueurii","- 30 years old",1505.1,143,"Intellagama_lesueurii","Squamata","Lizard","No","Yes","No","Others"
"286","Libellula_quadrimaculata","+ 30 years old",1589.9,143,"Libellula_quadrimaculata","Insect","Odonata","No","Yes","No","Others"
"287","Hyles_euphorbiae","- 30 years old",1560.2,144,"Hyles_euphorbiae","Insect","Lepidoptera","No","No","No","Others"
"288","Gorilla_Gorilla_Beringei","+ 30 years old",1514.9,144,"Gorilla_Gorilla_Beringei","Mammal","Primate","No","No","Yes","Primate"
"289","Sus_scrofa","- 30 years old",1535.7,145,"Sus_scrofa","Mammal","Ungulate","No","No","Yes","Others"
"290","Struthio_camelus","+ 30 years old",1538.1,145,"Struthio_camelus","Bird","Bird (not Raptor)","No","No","No","Others"
"291","Helarctos_malayanus","- 30 years old",1628.4,146,"Helarctos_malayanus","Mammal","Ursus","No","No","No","Ursus"
"292","Mandrillus_sphinx2","+ 30 years old",1604.8,146,"Mandrillus_sphinx","Mammal","Primate","No","No","Yes","Primate"
"293","Tockus_flavirostris","- 30 years old",1570.2,147,"Tockus_flavirostris","Bird","Bird (not Raptor)","No","No","No","Others"
"294","Intellagama_lesueurii","+ 30 years old",1556.8,147,"Intellagama_lesueurii","Squamata","Lizard","No","Yes","No","Others"
"295","Neofelis_nebulosa","- 30 years old",1570.6,148,"Neofelis_nebulosa","Mammal","Felidae","Yes","No","Yes","Felidae"
"296","Hypsignathus_monstrosus","+ 30 years old",1572.2,148,"Hypsignathus_monstrosu","Mammal","Chiroptera","No","No","No","Others"
"297","Balaeniceps_rex","- 30 years old",1551.2,149,"Balaeniceps_rex","Bird","Bird (not Raptor)","No","No","No","Others"
"298","Canis_lupus","+ 30 years old",1543.5,149,"Canis_lupus_","Mammal","Canidae","Yes","Yes","Yes","Canidae"
"299","Odonata2","- 30 years old",1601.2,150,"Odonata","Insect","Odonata","No","Yes","No","Others"
"300","Macronectes_halli","+ 30 years old",1593.8,150,"Macronectes_halli","Bird","Bird (not Raptor)","No","No","No","Others"
"301","Canis_lupus","- 30 years old",1567.3,151,"Canis_lupus_","Mammal","Canidae","Yes","Yes","Yes","Canidae"
"302","Artibeus_planirostris","+ 30 years old",1625,151,"Artibeus_planirostris","Mammal","Chiroptera","No","No","No","Others"
"303","Hemicentetes_semispinosus","- 30 years old",1589.9,152,"Hemicentetes_semispinosus","Mammal","Tenrecidae","No","No","No","Others"
"304","Ateles_hybridus","+ 30 years old",1546.4,152,"Ateles_hybridus","Mammal","Primate","No","No","No","Primate"
"305","Gorilla_gorilla_gorilla","- 30 years old",1585,153,"Gorilla_Gorilla_Gorilla","Mammal","Primate","No","No","Yes","Primate"
"306","Calliphora_vomitoria","+ 30 years old",1616.7,153,"Calliphora_vomitoria","Insect","Diptera","No","No","No","Others"
"307","Acinonyx_jubatus","- 30 years old",1572.7,154,"Acinonyx_jubatus","Mammal","Felidae","Yes","Yes","Yes","Felidae"
"308","Sus_scrofa","+ 30 years old",1551.2,154,"Sus_scrofa","Mammal","Ungulate","No","No","Yes","Others"
"309","Gyps_rueppelli","- 30 years old",1623.8,155,"Gyps_rueppelli","Bird","Raptor","No","No","No","Raptor"
"310","Neofelis_nebulosa","+ 30 years old",1664.6,155,"Neofelis_nebulosa","Mammal","Felidae","Yes","No","Yes","Felidae"
"311","Papio_hamadryas","- 30 years old",1637.7,156,"Papio_hamadryas","Mammal","Primate","No","No","No","Primate"
"312","Buprestidae","+ 30 years old",1594.8,156,"Buprestidae","Insect","Coleoptera","No","No","No","Others"
"313","Mandrillus_sphinx2","- 30 years old",1646.4,157,"Mandrillus_sphinx","Mammal","Primate","No","No","Yes","Primate"
"314","Sarcophilus_harrisii","+ 30 years old",1605.4,157,"Sarcophilus_harrisii","Mammal","Marsupial","No","Yes","No","Others"
"315","Vespula_germanica","- 30 years old",1640.8,158,"Vespula_germanica","Insect","Hymenoptera","No","Yes","Yes","Others"
"316","Desmodus_rotondus","+ 30 years old",1623.2,158,"Desmodus_rotundus","Mammal","Chiroptera","No","Yes","No","Others"
"317","Struthio_camelus","- 30 years old",1585.4,159,"Struthio_camelus","Bird","Bird (not Raptor)","No","No","No","Others"
"318","Mandrillus_sphinx","+ 30 years old",1694.9,159,"Mandrillus_sphinx","Mammal","Primate","No","No","Yes","Primate"
"319","Panthera_pardus2","- 30 years old",1610.7,160,"Panthera_pardus","Mammal","Felidae","Yes","No","Yes","Felidae"
"320","Papio_hamadryas","+ 30 years old",1604.1,160,"Papio_hamadryas","Mammal","Primate","No","No","No","Primate"
"321","Panthera_tigris2","- 30 years old",1650,161,"Panthera_tigris","Mammal","Felidae","Yes","No","Yes","Felidae"
"322","Amblyrhynchus_cristatus","+ 30 years old",1599.6,161,"Amblyrhynchus_cristatus","Squamata","Lizard","No","No","No","Others"
"323","Gymnogyps_californianus","- 30 years old",1654,162,"Gymnogyps_californianus","Bird","Raptor","No","No","No","Raptor"
"324","Panthera_pardus2","+ 30 years old",1646.2,162,"Panthera_pardus","Mammal","Felidae","Yes","No","Yes","Felidae"
"325","Conolophus_pallidus","- 30 years old",1663.9,163,"Conolophus_pallidus","Squamata","Lizard","No","No","No","Others"
"326","Helarctos_malayanus","+ 30 years old",1668.8,163,"Helarctos_malayanus","Mammal","Ursus","No","No","No","Ursus"
"327","Mandrillus_sphinx","- 30 years old",1646.9,164,"Mandrillus_sphinx","Mammal","Primate","No","No","Yes","Primate"
"328","Acinonyx_jubatus","+ 30 years old",1620,164,"Acinonyx_jubatus","Mammal","Felidae","Yes","Yes","Yes","Felidae"
"329","Buprestidae","- 30 years old",1647.1,165,"Buprestidae","Insect","Coleoptera","No","No","No","Others"
"330","Podarcis_muralis","+ 30 years old",1653,165,"Podarcis_muralis","Squamata","Lizard","No","Yes","No","Others"
"331","Desmodus_rotondus","- 30 years old",1659.3,166,"Desmodus_rotundus","Mammal","Chiroptera","No","Yes","No","Others"
"332","Thomisus_onustus","+ 30 years old",1700.3,166,"Thomisus_onustus","Spider","Spider","No","Yes","No","Spider"
"333","Lycaon_pictus","- 30 years old",1637.9,167,"Lycaon_pictus","Mammal","Canidae","Yes","Yes","Yes","Canidae"
"334","Lynx_rufus2","+ 30 years old",1606.5,167,"Lynx_rufus","Mammal","Felidae","No","Yes","No","Felidae"
"335","Panthera_uncia","- 30 years old",1667.8,168,"Panthera_uncia","Mammal","Felidae","Yes","No","Yes","Felidae"
"336","Ursus_thibetanus","+ 30 years old",1683,168,"Ursus_thibetanus","Mammal","Ursus","No","Yes","Yes","Ursus"
"337","Panthera_leo2","- 30 years old",1657.6,169,"Panthera_leo","Mammal","Felidae","Yes","No","Yes","Felidae"
"338","Conolophus_pallidus","+ 30 years old",1729.5,169,"Conolophus_pallidus","Squamata","Lizard","No","No","No","Others"
"339","Daubentonia_madagascariensis","- 30 years old",1584.1,170,"Daubentonia_madagascariensis","Mammal","Primate","No","No","No","Primate"
"340","Panthera_onca_2","+ 30 years old",1751.7,170,"Panthera_onca","Mammal","Felidae","Yes","No","Yes","Felidae"
"341","Acinonyx_jubatus2","- 30 years old",1626,171,"Acinonyx_jubatus","Mammal","Felidae","Yes","Yes","Yes","Felidae"
"342","Malpolon_monspessulanus","+ 30 years old",1755.8,171,"Malpolon_monspessulanus","Squamata","Snake","No","Yes","No","Snake"
"343","Panthera_onca_2","- 30 years old",1685.4,172,"Panthera_onca","Mammal","Felidae","Yes","No","Yes","Felidae"
"344","Panthera_uncia","+ 30 years old",1668.6,172,"Panthera_uncia","Mammal","Felidae","Yes","No","Yes","Felidae"
"345","Bison_bonasus2","- 30 years old",1601.8,173,"Bison_bonasus","Mammal","Ungulate","No","No","No","Others"
"346","Lynx_rufus","+ 30 years old",1653.4,173,"Lynx_rufus","Mammal","Felidae","No","Yes","No","Felidae"
"347","Gorilla_Gorilla_Beringei","- 30 years old",1706.4,174,"Gorilla_Gorilla_Beringei","Mammal","Primate","No","No","Yes","Primate"
"348","Vespula_germanica","+ 30 years old",1668.1,174,"Vespula_germanica","Insect","Hymenoptera","No","Yes","Yes","Others"
"349","Geronticus_eremita","- 30 years old",1673.2,175,"Geronticus_eremita","Bird","Bird (not Raptor)","No","Yes","No","Others"
"350","Gorilla_gorilla_gorilla","+ 30 years old",1723.3,175,"Gorilla_Gorilla_Gorilla","Mammal","Primate","No","No","Yes","Primate"
"351","Lycaon_pictus2","- 30 years old",1715.8,176,"Lycaon_pictus","Mammal","Canidae","Yes","Yes","Yes","Canidae"
"352","Iguana_iguana","+ 30 years old",1688.2,176,"Iguana_iguana","Squamata","Lizard","No","No","No","Others"
"353","Lynx_rufus","- 30 years old",1582.3,177,"Lynx_rufus","Mammal","Felidae","No","Yes","No","Felidae"
"354","Theropithecus_gelada","+ 30 years old",1674.9,177,"Theropithecus_gelada","Mammal","Primate","No","No","No","Primate"
"355","Podarcis_muralis","- 30 years old",1631.2,178,"Podarcis_muralis","Squamata","Lizard","No","Yes","No","Others"
"356","Lycaon_pictus","+ 30 years old",1700.8,178,"Lycaon_pictus","Mammal","Canidae","Yes","Yes","Yes","Canidae"
"357","Puma_concolor","- 30 years old",1706.3,179,"Puma_concolor","Mammal","Felidae","Yes","No","Yes","Felidae"
"358","Hippopotamus_amphibius","+ 30 years old",1678.3,179,"Hippopotamus_amphibius","Mammal","Ungulate","No","No","Yes","Others"
"359","Ursus_arctos_horribilis","- 30 years old",1715.6,180,"Ursus_arctos_horribilis","Mammal","Ursus","Yes","No","Yes","Ursus"
"360","Bison_bonasus2","+ 30 years old",1720,180,"Bison_bonasus","Mammal","Ungulate","No","No","No","Others"
"361","Zoropsis_spinimana","- 30 years old",1687.1,181,"Zoropsis_spinimana","Spider","Spider","No","Yes","No","Spider"
"362","Bison_bonasus","+ 30 years old",1746.9,181,"Bison_bonasus","Mammal","Ungulate","No","No","No","Others"
"363","Hyaena_hyaena","- 30 years old",1727.9,182,"Hyaena_hyaena","Mammal","Hyenidae","Yes","No","Yes","Hyenidae"
"364","Lycaon_pictus2","+ 30 years old",1697,182,"Lycaon_pictus","Mammal","Canidae","Yes","Yes","Yes","Canidae"
"365","Hippopotamus_amphibius","- 30 years old",1658.1,183,"Hippopotamus_amphibius","Mammal","Ungulate","No","No","Yes","Others"
"366","Panthera_leo","+ 30 years old",1755.9,183,"Panthera_leo","Mammal","Felidae","Yes","No","Yes","Felidae"
"367","Panthera_onca","- 30 years old",1724.6,184,"Panthera_onca","Mammal","Felidae","Yes","No","Yes","Felidae"
"368","Acinonyx_jubatus2","+ 30 years old",1752.8,184,"Acinonyx_jubatus","Mammal","Felidae","Yes","Yes","Yes","Felidae"
"369","Malpolon_monspessulanus","- 30 years old",1713.9,185,"Malpolon_monspessulanus","Squamata","Snake","No","Yes","No","Snake"
"370","Puma_concolor","+ 30 years old",1756.3,185,"Puma_concolor","Mammal","Felidae","Yes","No","Yes","Felidae"
"371","Centurio_senex","- 30 years old",1680.9,186,"Centurio_senex","Mammal","Chiroptera","No","No","No","Others"
"372","Evarcha_arcuata","+ 30 years old",1755.7,186,"Evarcha_arcuata","Spider","Spider","No","Yes","No","Spider"
"373","Panthera_leo3","- 30 years old",1698.4,187,"Panthera_leo","Mammal","Felidae","Yes","No","Yes","Felidae"
"374","Heterocephalus_glaber","+ 30 years old",1729.7,187,"Heterocephalus_glaber","Mammal","Rodent","No","No","No","Others"
"375","Panthera_leo","- 30 years old",1746.4,188,"Panthera_leo","Mammal","Felidae","Yes","No","Yes","Felidae"
"376","Centurio_senex","+ 30 years old",1720.9,188,"Centurio_senex","Mammal","Chiroptera","No","No","No","Others"
"377","Hypsignathus_monstrosus","- 30 years old",1674.8,189,"Hypsignathus_monstrosu","Mammal","Chiroptera","No","No","No","Others"
"378","Zamenis_longissimus","+ 30 years old",1787.7,189,"Zamenis_longissimus","Squamata","Snake","No","Yes","No","Snake"
"379","Phacochoerus_africanus","- 30 years old",1715.9,190,"Phacochoerus_africanus","Mammal","Ungulate","No","No","No","Others"
"380","Mygale","+ 30 years old",1704.7,190,"Mygale","Spider","Spider","No","Yes","No","Spider"
"381","Heterocephalus_glaber","- 30 years old",1672.2,191,"Heterocephalus_glaber","Mammal","Rodent","No","No","No","Others"
"382","Panthera_pardus","+ 30 years old",1762.8,191,"Panthera_pardus","Mammal","Felidae","Yes","No","Yes","Felidae"
"383","Panthera_onca3","- 30 years old",1808,192,"Panthera_onca","Mammal","Felidae","Yes","No","Yes","Felidae"
"384","Ursus_arctos_horribilis","+ 30 years old",1754.7,192,"Ursus_arctos_horribilis","Mammal","Ursus","Yes","No","Yes","Ursus"
"385","Mygale","- 30 years old",1814.9,193,"Mygale","Spider","Spider","No","Yes","No","Spider"
"386","Panthera_leo2","+ 30 years old",1788,193,"Panthera_leo","Mammal","Felidae","Yes","No","Yes","Felidae"
"387","Amblyrhynchus_cristatus","- 30 years old",1763.5,194,"Amblyrhynchus_cristatus","Squamata","Lizard","No","No","No","Others"
"388","Malayopython_reticulatus","+ 30 years old",1845.9,194,"Malayopython_reticulatus","Squamata","Snake","Yes","Yes","Yes","Snake"
"389","Python_bivittatus","- 30 years old",1724,195,"Python_bivittatus","Squamata","Snake","Yes","Yes","Yes","Snake"
"390","Panthera_pardus_3","+ 30 years old",1821.7,195,"Panthera_pardus","Mammal","Felidae","Yes","No","Yes","Felidae"
"391","Crocuta_crocuta","- 30 years old",1694,196,"Crocuta_crocuta","Mammal","Hyenidae","Yes","No","Yes","Hyenidae"
"392","Ursus_maritimus","+ 30 years old",1729.6,196,"Ursus_maritimus","Mammal","Ursus","Yes","No","Yes","Ursus"
"393","Python_regius","- 30 years old",1724,197,"Python_regius","Squamata","Snake","No","Yes","No","Snake"
"394","Zoropsis_spinimana","+ 30 years old",1786.2,197,"Zoropsis_spinimana","Spider","Spider","No","Yes","No","Spider"
"395","Thomisus_onustus","- 30 years old",1691.3,198,"Thomisus_onustus","Spider","Spider","No","Yes","No","Spider"
"396","Panthera_tigris2","+ 30 years old",1744.2,198,"Panthera_tigris","Mammal","Felidae","Yes","No","Yes","Felidae"
"397","Vipera_ammodytes","- 30 years old",1752,199,"Vipera_ammodytes","Squamata","Snake","No","Yes","Yes","Snake"
"398","Panthera_onca3","+ 30 years old",1815.6,199,"Panthera_onca","Mammal","Felidae","Yes","No","Yes","Felidae"
"399","Evarcha_arcuata","- 30 years old",1753.9,200,"Evarcha_arcuata","Spider","Spider","No","Yes","No","Spider"
"400","Vipera_aspis","+ 30 years old",1820.4,200,"Vipera_aspis","Squamata","Snake","No","Yes","Yes","Snake"
"401","Notechis_scutatus","- 30 years old",1744.6,201,"Notechis_scutatus","Squamata","Snake","No","Yes","Yes","Snake"
"402","Boa_constrictor","+ 30 years old",1821.1,201,"Boa_constrictor","Squamata","Snake","Yes","Yes","No","Snake"
"403","Crotalus2","- 30 years old",1765.9,202,"Crotalus_atrox","Squamata","Snake","No","Yes","Yes","Snake"
"404","Crotalus_atrox","+ 30 years old",1799.2,202,"Crotalus_atrox","Squamata","Snake","No","Yes","Yes","Snake"
"405","Bison_bonasus","- 30 years old",1772.9,203,"Bison_bonasus","Mammal","Ungulate","No","No","No","Others"
"406","Morelia_spilota","+ 30 years old",1760.4,203,"Morelia_spilota","Squamata","Snake","No","Yes","No","Snake"
"407","Zamenis_longissimus","- 30 years old",1689.3,204,"Zamenis_longissimus","Squamata","Snake","No","Yes","No","Snake"
"408","Hyaena_hyaena","+ 30 years old",1790.2,204,"Hyaena_hyaena","Mammal","Hyenidae","Yes","No","Yes","Hyenidae"
"409","Laticauda_laticaudata","- 30 years old",1768.5,205,"Laticauda_laticaudata","Squamata","Snake","No","Yes","No","Snake"
"410","Crocuta_crocuta","+ 30 years old",1792.3,205,"Crocuta_crocuta","Mammal","Hyenidae","Yes","No","Yes","Hyenidae"
"411","Theropithecus_gelada","- 30 years old",1713.4,206,"Theropithecus_gelada","Mammal","Primate","No","No","No","Primate"
"412","Dendroaspis_angusticeps","+ 30 years old",1770.9,206,"Dendroaspis_angusticeps","Squamata","Snake","No","Yes","Yes","Snake"
"413","Laticauda_saintgironsi","- 30 years old",1806,207,"Laticauda_saintgironsi","Squamata","Snake","No","Yes","No","Snake"
"414","Laticauda_saintgironsi","+ 30 years old",1833.5,207,"Laticauda_saintgironsi","Squamata","Snake","No","Yes","No","Snake"
"415","Panthera_pardus_3","- 30 years old",1716.7,208,"Panthera_pardus","Mammal","Felidae","Yes","No","Yes","Felidae"
"416","Python_regius","+ 30 years old",1842.4,208,"Python_regius","Squamata","Snake","No","Yes","No","Snake"
"417","Malayopython_reticulatus","- 30 years old",1813.9,209,"Malayopython_reticulatus","Squamata","Snake","Yes","Yes","Yes","Snake"
"418","Panthera_onca","+ 30 years old",1799.1,209,"Panthera_onca","Mammal","Felidae","Yes","No","Yes","Felidae"
"419","Panthera_pardus","- 30 years old",1776.1,210,"Panthera_pardus","Mammal","Felidae","Yes","No","Yes","Felidae"
"420","Calloselasma rhodostoma","+ 30 years old",1835.9,210,"Calloselasma_rhodostoma","Squamata","Snake","No","Yes","Yes","Snake"
"421","Boa_constrictor","- 30 years old",1760.4,211,"Boa_constrictor","Squamata","Snake","Yes","Yes","No","Snake"
"422","Laticauda_laticaudata","+ 30 years old",1872.2,211,"Laticauda_laticaudata","Squamata","Snake","No","Yes","No","Snake"
"423","Ursus_thibetanus","- 30 years old",1749.6,212,"Ursus_thibetanus","Mammal","Ursus","No","Yes","Yes","Ursus"
"424","Panthera_leo3","+ 30 years old",1811.6,212,"Panthera_leo","Mammal","Felidae","Yes","No","Yes","Felidae"
"425","Naja_naja","- 30 years old",1816.6,213,"Naja_naja","Squamata","Snake","No","Yes","Yes","Snake"
"426","Notechis_scutatus","+ 30 years old",1859.6,213,"Notechis_scutatus","Squamata","Snake","No","Yes","Yes","Snake"
"427","Morelia_spilota","- 30 years old",1822.4,214,"Morelia_spilota","Squamata","Snake","No","Yes","No","Snake"
"428","Python_bivittatus","+ 30 years old",1840.7,214,"Python_bivittatus","Squamata","Snake","Yes","Yes","Yes","Snake"
"429","Crotalus_atrox","- 30 years old",1814,215,"Crotalus_atrox","Squamata","Snake","No","Yes","Yes","Snake"
"430","Phacochoerus_africanus","+ 30 years old",1862.1,215,"Phacochoerus_africanus","Mammal","Ungulate","No","No","No","Others"
"431","Vipera_aspis","- 30 years old",1800.2,216,"Vipera_aspis","Squamata","Snake","No","Yes","Yes","Snake"
"432","Pholcus_phalangioides","+ 30 years old",1878.8,216,"Pholcus_phalangioides","Spider","Spider","No","Yes","No","Spider"
"433","Dendroaspis_angusticeps","- 30 years old",1796.2,217,"Dendroaspis_angusticeps","Squamata","Snake","No","Yes","Yes","Snake"
"434","Crotalus2","+ 30 years old",1901.7,217,"Crotalus_atrox","Squamata","Snake","No","Yes","Yes","Snake"
"435","Pholcus_phalangioides","- 30 years old",1892.3,218,"Pholcus_phalangioides","Spider","Spider","No","Yes","No","Spider"
"436","Vipera_ammodytes","+ 30 years old",1872.5,218,"Vipera_ammodytes","Squamata","Snake","No","Yes","Yes","Snake"
"437","Calloselasma rhodostoma","- 30 years old",1823.7,219,"Calloselasma_rhodostoma","Squamata","Snake","No","Yes","Yes","Snake"
"438","Crocodylus_porosus","+ 30 years old",1954.5,219,"Crocodylus_porosus","Squamata","Crocodile","Yes","Yes","Yes","Crocodile"
"439","Alligator_mississippiensis","- 30 years old",1924.8,220,"Alligator_mississippiensis","Squamata","Crocodile","Yes","Yes","Yes","Crocodile"
"440","Alligator_mississippiensis","+ 30 years old",1943.2,220,"Alligator_mississippiensis","Squamata","Crocodile","Yes","Yes","Yes","Crocodile"
"441","Crocodylus_porosus","- 30 years old",1938.8,221,"Crocodylus_porosus","Squamata","Crocodile","Yes","Yes","Yes","Crocodile"
"442","Naja_naja","+ 30 years old",1983.8,221,"Naja_naja","Squamata","Snake","No","Yes","Yes","Snake"
